description,silhouette,fabric,neckline,sleeve,length,embellishment,color,category
"Knee length Chiffon Formal dress with Embroidery details, One-shoulder neckline and Long Sleeves featuring a Ball Gown silhouette in White.",Ball Gown,Chiffon,One-shoulder,Long Sleeves,Knee,Embroidery,White,Formal
"Knee length Chiffon Cocktail dress with Pleated details, V-neck neckline and Sleeveless featuring a Shift silhouette in Pink.",Shift,Chiffon,V-neck,Sleeveless,Knee,Pleated,Pink,Cocktail
"Organza Party gown in BlackwithOff-shoulder neckline,Cap Sleeves,Ruffles accents and Tea length Sheath design.",Sheath,Organza,Off-shoulder,Cap Sleeves,Tea,Ruffles,Black,Party
"Shift Wedding dress crafted from Tulle with One-shoulder neckline,Long Sleeves,Feather Trimembellishment and Whitecolor.",Shift,Tulle,One-shoulder,Long Sleeves,Knee,Feather Trim,White,Wedding
"Midi length Tulle Cocktail dress with Sequin details, Illusion neckline and Puff Sleeves featuring a Ball Gown silhouette in Emerald.",Ball Gown,Tulle,Illusion,Puff Sleeves,Midi,Sequin,Emerald,Cocktail
"Tea length Satin Bridesmaid dress with Feather Trim details, Strapless neckline and Short Sleeves featuring a Shift silhouette in Royal Blue.",Shift,Satin,Strapless,Short Sleeves,Tea,Feather Trim,Royal Blue,Bridesmaid
"A-line Prom dress crafted from Velvet with One-shoulder neckline,Sleeveless,Beadedembellishment and Dusty Bluecolor.",A-line,Velvet,One-shoulder,Sleeveless,Knee,Beaded,Dusty Blue,Prom
"Lace Cocktail gown in WhitewithIllusion neckline,Short Sleeves,Ruffles accents and Knee length Empire design.",Empire,Lace,Illusion,Short Sleeves,Knee,Ruffles,White,Cocktail
"Midi length Lace Party dress with Pleated details, Boat neckline and Cap Sleeves featuring a Sheath silhouette in Sage.",Sheath,Lace,Boat,Cap Sleeves,Midi,Pleated,Sage,Party
"Blue Chiffon Cocktail dress featuring a Sheath silhouette,Illusion neckline,sleeve, and Beaded work with Midi length.",Sheath,Chiffon,Illusion,Cap Sleeves,Midi,Beaded,Blue,Cocktail
"Crepe Bridesmaid gown in NavywithHalter neckline,Three-quarter Sleeves,Embroidery accents and Floor length Sheath design.",Sheath,Crepe,Halter,Three-quarter Sleeves,Floor,Embroidery,Navy,Bridesmaid
"Knee length Organza Evening dress with Embroidery details, Halter neckline and Short Sleeves featuring a Fit and Flare silhouette in Pink.",Fit and Flare,Organza,Halter,Short Sleeves,Knee,Embroidery,Pink,Evening
"A-line Wedding dress crafted from Satin with Square neckline,Three-quarter Sleeves,Ruchedembellishment and Royal Bluecolor.",A-line,Satin,Square,Three-quarter Sleeves,Knee,Ruched,Royal Blue,Wedding
"White Crepe Formal dress featuring a Shift silhouette,Strapless neckline,sleeve, and Sequin work with Tea length.",Shift,Crepe,Strapless,Short Sleeves,Tea,Sequin,White,Formal
"Black Satin Formal dress featuring a Empire silhouette,One-shoulder neckline,sleeve, and No Embellishment work with Knee length.",Empire,Satin,One-shoulder,Cap Sleeves,Knee,No Embellishment,Black,Formal
"Satin Prom gown in RedwithOne-shoulder neckline,Three-quarter Sleeves,Pleated accents and Tea length Mermaid design.",Mermaid,Satin,One-shoulder,Three-quarter Sleeves,Tea,Pleated,Red,Prom
"Mini length Tulle Bridesmaid dress with Feather Trim details, Boat neckline and Sleeveless featuring a A-line silhouette in Navy.",A-line,Tulle,Boat,Sleeveless,Mini,Feather Trim,Navy,Bridesmaid
"Satin Party gown in PinkwithSweetheart neckline,Three-quarter Sleeves,Beaded accents and Floor length Sheath design.",Sheath,Satin,Sweetheart,Three-quarter Sleeves,Floor,Beaded,Pink,Party
"Crepe Cocktail gown in BluewithStrapless neckline,Long Sleeves,Ruched accents and Midi length Mermaid design.",Mermaid,Crepe,Strapless,Long Sleeves,Midi,Ruched,Blue,Cocktail
"Organza Bridesmaid gown in WhitewithIllusion neckline,Cap Sleeves,No Embellishment accents and Tea length Fit and Flare design.",Fit and Flare,Organza,Illusion,Cap Sleeves,Tea,No Embellishment,White,Bridesmaid
"Tea length Tulle Bridesmaid dress with Pleated details, V-neck neckline and Puff Sleeves featuring a Ball Gown silhouette in Royal Blue.",Ball Gown,Tulle,V-neck,Puff Sleeves,Tea,Pleated,Royal Blue,Bridesmaid
"Chiffon Cocktail gown in WhitewithOff-shoulder neckline,Sleeveless,Feather Trim accents and Mini length Ball Gown design.",Ball Gown,Chiffon,Off-shoulder,Sleeveless,Mini,Feather Trim,White,Cocktail
"Fit and Flare Party dress crafted from Crepe with Off-shoulder neckline,Puff Sleeves,No Embellishmentembellishment and Bluecolor.",Fit and Flare,Crepe,Off-shoulder,Puff Sleeves,Knee,No Embellishment,Blue,Party
"Shift Evening dress crafted from Velvet with Sweetheart neckline,Sleeveless,Feather Trimembellishment and Dusty Bluecolor.",Shift,Velvet,Sweetheart,Sleeveless,Floor,Feather Trim,Dusty Blue,Evening
"Satin Bridesmaid gown in BluewithV-neck neckline,Cap Sleeves,Beaded accents and Midi length A-line design.",A-line,Satin,V-neck,Cap Sleeves,Midi,Beaded,Blue,Bridesmaid
"Midi length Lace Party dress with No Embellishment details, Halter neckline and Long Sleeves featuring a Fitted silhouette in Blue.",Fitted,Lace,Halter,Long Sleeves,Midi,No Embellishment,Blue,Party
"Satin Party gown in WhitewithV-neck neckline,Three-quarter Sleeves,Sequin accents and Tea length Fitted design.",Fitted,Satin,V-neck,Three-quarter Sleeves,Tea,Sequin,White,Party
"Mermaid Bridesmaid dress crafted from Organza with Boat neckline,Cap Sleeves,Ruchedembellishment and Blackcolor.",Mermaid,Organza,Boat,Cap Sleeves,Knee,Ruched,Black,Bridesmaid
"A-line Formal dress crafted from Organza with One-shoulder neckline,Cap Sleeves,Ruchedembellishment and Pinkcolor.",A-line,Organza,One-shoulder,Cap Sleeves,Midi,Ruched,Pink,Formal
"Mini length Velvet Wedding dress with Sequin details, One-shoulder neckline and Long Sleeves featuring a Mermaid silhouette in Sage.",Mermaid,Velvet,One-shoulder,Long Sleeves,Mini,Sequin,Sage,Wedding
"Mini length Lace Cocktail dress with Embroidery details, V-neck neckline and Puff Sleeves featuring a Fitted silhouette in White.",Fitted,Lace,V-neck,Puff Sleeves,Mini,Embroidery,White,Cocktail
"Sheath Wedding dress crafted from Organza with Sweetheart neckline,Puff Sleeves,Sequinembellishment and Royal Bluecolor.",Sheath,Organza,Sweetheart,Puff Sleeves,Knee,Sequin,Royal Blue,Wedding
"Jersey Evening gown in NavywithOff-shoulder neckline,Three-quarter Sleeves,Pleated accents and Midi length Empire design.",Empire,Jersey,Off-shoulder,Three-quarter Sleeves,Midi,Pleated,Navy,Evening
"Mini length Crepe Cocktail dress with No Embellishment details, Illusion neckline and Sleeveless featuring a Fit and Flare silhouette in Royal Blue.",Fit and Flare,Crepe,Illusion,Sleeveless,Mini,No Embellishment,Royal Blue,Cocktail
"White Velvet Bridesmaid dress featuring a Ball Gown silhouette,Strapless neckline,sleeve, and Feather Trim work with Knee length.",Ball Gown,Velvet,Strapless,Short Sleeves,Knee,Feather Trim,White,Bridesmaid
"Midi length Lace Prom dress with Sequin details, Boat neckline and Puff Sleeves featuring a Fit and Flare silhouette in Pink.",Fit and Flare,Lace,Boat,Puff Sleeves,Midi,Sequin,Pink,Prom
"Jersey Prom gown in NavywithSweetheart neckline,Sleeveless,Embroidery accents and Tea length Mermaid design.",Mermaid,Jersey,Sweetheart,Sleeveless,Tea,Embroidery,Navy,Prom
"Empire Wedding dress crafted from Velvet with One-shoulder neckline,Puff Sleeves,Rufflesembellishment and Blackcolor.",Empire,Velvet,One-shoulder,Puff Sleeves,Floor,Ruffles,Black,Wedding
"Fit and Flare Formal dress crafted from Chiffon with V-neck neckline,Short Sleeves,Rufflesembellishment and Redcolor.",Fit and Flare,Chiffon,V-neck,Short Sleeves,Knee,Ruffles,Red,Formal
"Chiffon Cocktail gown in SagewithSweetheart neckline,Sleeveless,Sequin accents and Knee length Shift design.",Shift,Chiffon,Sweetheart,Sleeveless,Knee,Sequin,Sage,Cocktail
"Lace Bridesmaid gown in SagewithV-neck neckline,Short Sleeves,Sequin accents and Midi length Shift design.",Shift,Lace,V-neck,Short Sleeves,Midi,Sequin,Sage,Bridesmaid
"Tulle Party gown in BluewithStrapless neckline,Cap Sleeves,Embroidery accents and Tea length Ball Gown design.",Ball Gown,Tulle,Strapless,Cap Sleeves,Tea,Embroidery,Blue,Party
"Organza Prom gown in BluewithV-neck neckline,Long Sleeves,Ruched accents and Midi length Mermaid design.",Mermaid,Organza,V-neck,Long Sleeves,Midi,Ruched,Blue,Prom
"Emerald Organza Prom dress featuring a Ball Gown silhouette,V-neck neckline,sleeve, and Pleated work with Knee length.",Ball Gown,Organza,V-neck,Cap Sleeves,Knee,Pleated,Emerald,Prom
"Knee length Velvet Prom dress with Ruched details, V-neck neckline and Three-quarter Sleeves featuring a Sheath silhouette in Sage.",Sheath,Velvet,V-neck,Three-quarter Sleeves,Knee,Ruched,Sage,Prom
"Black Tulle Wedding dress featuring a Fit and Flare silhouette,Strapless neckline,sleeve, and Feather Trim work with Tea length.",Fit and Flare,Tulle,Strapless,Cap Sleeves,Tea,Feather Trim,Black,Wedding
"Sage Jersey Formal dress featuring a Mermaid silhouette,V-neck neckline,sleeve, and Ruched work with Tea length.",Mermaid,Jersey,V-neck,Sleeveless,Tea,Ruched,Sage,Formal
"Shift Formal dress crafted from Satin with Halter neckline,Puff Sleeves,Rufflesembellishment and Blackcolor.",Shift,Satin,Halter,Puff Sleeves,Knee,Ruffles,Black,Formal
"Mini length Velvet Prom dress with Feather Trim details, Illusion neckline and Cap Sleeves featuring a A-line silhouette in Royal Blue.",A-line,Velvet,Illusion,Cap Sleeves,Mini,Feather Trim,Royal Blue,Prom
"Jersey Bridesmaid gown in PinkwithHalter neckline,Short Sleeves,Ruffles accents and Floor length Fit and Flare design.",Fit and Flare,Jersey,Halter,Short Sleeves,Floor,Ruffles,Pink,Bridesmaid
"Tea length Organza Cocktail dress with Ruffles details, Square neckline and Puff Sleeves featuring a Shift silhouette in Dusty Blue.",Shift,Organza,Square,Puff Sleeves,Tea,Ruffles,Dusty Blue,Cocktail
"Fit and Flare Evening dress crafted from Jersey with Off-shoulder neckline,Cap Sleeves,Feather Trimembellishment and Emeraldcolor.",Fit and Flare,Jersey,Off-shoulder,Cap Sleeves,Tea,Feather Trim,Emerald,Evening
"Pink Crepe Formal dress featuring a Sheath silhouette,Square neckline,sleeve, and Ruffles work with Mini length.",Sheath,Crepe,Square,Three-quarter Sleeves,Mini,Ruffles,Pink,Formal
"Velvet Wedding gown in BlackwithOne-shoulder neckline,Long Sleeves,Embroidery accents and Knee length Ball Gown design.",Ball Gown,Velvet,One-shoulder,Long Sleeves,Knee,Embroidery,Black,Wedding
"Fitted Evening dress crafted from Satin with Boat neckline,Cap Sleeves,Pleatedembellishment and Dusty Bluecolor.",Fitted,Satin,Boat,Cap Sleeves,Tea,Pleated,Dusty Blue,Evening
"Sheath Party dress crafted from Lace with V-neck neckline,Sleeveless,Pleatedembellishment and Redcolor.",Sheath,Lace,V-neck,Sleeveless,Floor,Pleated,Red,Party
"Pink Velvet Cocktail dress featuring a A-line silhouette,Sweetheart neckline,sleeve, and No Embellishment work with Knee length.",A-line,Velvet,Sweetheart,Cap Sleeves,Knee,No Embellishment,Pink,Cocktail
"Organza Prom gown in EmeraldwithStrapless neckline,Cap Sleeves,No Embellishment accents and Knee length Fitted design.",Fitted,Organza,Strapless,Cap Sleeves,Knee,No Embellishment,Emerald,Prom
"Navy Crepe Bridesmaid dress featuring a Fit and Flare silhouette,Off-shoulder neckline,sleeve, and Beaded work with Floor length.",Fit and Flare,Crepe,Off-shoulder,Short Sleeves,Floor,Beaded,Navy,Bridesmaid
"Tulle Evening gown in BluewithStrapless neckline,Sleeveless,Embroidery accents and Knee length Empire design.",Empire,Tulle,Strapless,Sleeveless,Knee,Embroidery,Blue,Evening
"Satin Wedding gown in Dusty BluewithHalter neckline,Cap Sleeves,No Embellishment accents and Midi length Sheath design.",Sheath,Satin,Halter,Cap Sleeves,Midi,No Embellishment,Dusty Blue,Wedding
"Black Organza Prom dress featuring a Shift silhouette,V-neck neckline,sleeve, and No Embellishment work with Floor length.",Shift,Organza,V-neck,Puff Sleeves,Floor,No Embellishment,Black,Prom
"Emerald Organza Bridesmaid dress featuring a Shift silhouette,Strapless neckline,sleeve, and Pleated work with Tea length.",Shift,Organza,Strapless,Three-quarter Sleeves,Tea,Pleated,Emerald,Bridesmaid
"Shift Party dress crafted from Crepe with V-neck neckline,Cap Sleeves,Ruchedembellishment and Redcolor.",Shift,Crepe,V-neck,Cap Sleeves,Midi,Ruched,Red,Party
"Mermaid Formal dress crafted from Chiffon with Halter neckline,Puff Sleeves,Sequinembellishment and Whitecolor.",Mermaid,Chiffon,Halter,Puff Sleeves,Tea,Sequin,White,Formal
"Mermaid Bridesmaid dress crafted from Crepe with Square neckline,Sleeveless,Ruchedembellishment and Sagecolor.",Mermaid,Crepe,Square,Sleeveless,Midi,Ruched,Sage,Bridesmaid
"Floor length Tulle Evening dress with Ruffles details, Halter neckline and Short Sleeves featuring a Empire silhouette in White.",Empire,Tulle,Halter,Short Sleeves,Floor,Ruffles,White,Evening
"Tulle Bridesmaid gown in BlackwithOff-shoulder neckline,Three-quarter Sleeves,Sequin accents and Mini length A-line design.",A-line,Tulle,Off-shoulder,Three-quarter Sleeves,Mini,Sequin,Black,Bridesmaid
"A-line Bridesmaid dress crafted from Lace with Off-shoulder neckline,Long Sleeves,Beadedembellishment and Royal Bluecolor.",A-line,Lace,Off-shoulder,Long Sleeves,Floor,Beaded,Royal Blue,Bridesmaid
"Tea length Tulle Prom dress with Beaded details, Square neckline and Puff Sleeves featuring a Fit and Flare silhouette in Red.",Fit and Flare,Tulle,Square,Puff Sleeves,Tea,Beaded,Red,Prom
"Jersey Formal gown in Royal BluewithHalter neckline,Cap Sleeves,Beaded accents and Knee length A-line design.",A-line,Jersey,Halter,Cap Sleeves,Knee,Beaded,Royal Blue,Formal
"Pink Jersey Evening dress featuring a Ball Gown silhouette,Sweetheart neckline,sleeve, and Feather Trim work with Mini length.",Ball Gown,Jersey,Sweetheart,Puff Sleeves,Mini,Feather Trim,Pink,Evening
"Ball Gown Prom dress crafted from Tulle with V-neck neckline,Cap Sleeves,Beadedembellishment and Dusty Bluecolor.",Ball Gown,Tulle,V-neck,Cap Sleeves,Floor,Beaded,Dusty Blue,Prom
"Mermaid Party dress crafted from Organza with Square neckline,Three-quarter Sleeves,Rufflesembellishment and Royal Bluecolor.",Mermaid,Organza,Square,Three-quarter Sleeves,Tea,Ruffles,Royal Blue,Party
"Organza Evening gown in NavywithOne-shoulder neckline,Short Sleeves,Beaded accents and Knee length Fitted design.",Fitted,Organza,One-shoulder,Short Sleeves,Knee,Beaded,Navy,Evening
"Organza Evening gown in RedwithIllusion neckline,Sleeveless,Feather Trim accents and Floor length Fitted design.",Fitted,Organza,Illusion,Sleeveless,Floor,Feather Trim,Red,Evening
"Jersey Wedding gown in PinkwithIllusion neckline,Short Sleeves,Ruffles accents and Tea length Empire design.",Empire,Jersey,Illusion,Short Sleeves,Tea,Ruffles,Pink,Wedding
"Ball Gown Formal dress crafted from Velvet with Halter neckline,Cap Sleeves,Pleatedembellishment and Emeraldcolor.",Ball Gown,Velvet,Halter,Cap Sleeves,Tea,Pleated,Emerald,Formal
"Blue Chiffon Prom dress featuring a Fitted silhouette,Sweetheart neckline,sleeve, and Ruched work with Knee length.",Fitted,Chiffon,Sweetheart,Short Sleeves,Knee,Ruched,Blue,Prom
"Fitted Formal dress crafted from Tulle with Halter neckline,Three-quarter Sleeves,Feather Trimembellishment and Sagecolor.",Fitted,Tulle,Halter,Three-quarter Sleeves,Tea,Feather Trim,Sage,Formal
"Jersey Wedding gown in SagewithOne-shoulder neckline,Long Sleeves,Pleated accents and Mini length Fit and Flare design.",Fit and Flare,Jersey,One-shoulder,Long Sleeves,Mini,Pleated,Sage,Wedding
"Velvet Party gown in WhitewithBoat neckline,Short Sleeves,Ruffles accents and Tea length Sheath design.",Sheath,Velvet,Boat,Short Sleeves,Tea,Ruffles,White,Party
"Pink Velvet Bridesmaid dress featuring a Fit and Flare silhouette,Illusion neckline,sleeve, and Sequin work with Midi length.",Fit and Flare,Velvet,Illusion,Long Sleeves,Midi,Sequin,Pink,Bridesmaid
"Knee length Chiffon Party dress with No Embellishment details, Strapless neckline and Short Sleeves featuring a A-line silhouette in White.",A-line,Chiffon,Strapless,Short Sleeves,Knee,No Embellishment,White,Party
"Fit and Flare Prom dress crafted from Crepe with Boat neckline,Cap Sleeves,Embroideryembellishment and Blackcolor.",Fit and Flare,Crepe,Boat,Cap Sleeves,Midi,Embroidery,Black,Prom
"Red Satin Bridesmaid dress featuring a Ball Gown silhouette,Halter neckline,sleeve, and Sequin work with Mini length.",Ball Gown,Satin,Halter,Cap Sleeves,Mini,Sequin,Red,Bridesmaid
"Ball Gown Evening dress crafted from Velvet with Sweetheart neckline,Puff Sleeves,Pleatedembellishment and Pinkcolor.",Ball Gown,Velvet,Sweetheart,Puff Sleeves,Floor,Pleated,Pink,Evening
"Tea length Jersey Formal dress with Sequin details, Halter neckline and Short Sleeves featuring a Fitted silhouette in Royal Blue.",Fitted,Jersey,Halter,Short Sleeves,Tea,Sequin,Royal Blue,Formal
"Mini length Velvet Bridesmaid dress with Embroidery details, One-shoulder neckline and Three-quarter Sleeves featuring a Sheath silhouette in Blue.",Sheath,Velvet,One-shoulder,Three-quarter Sleeves,Mini,Embroidery,Blue,Bridesmaid
"Chiffon Wedding gown in NavywithHalter neckline,Cap Sleeves,No Embellishment accents and Tea length Mermaid design.",Mermaid,Chiffon,Halter,Cap Sleeves,Tea,No Embellishment,Navy,Wedding
"Jersey Formal gown in Royal BluewithBoat neckline,Sleeveless,Ruffles accents and Knee length Fit and Flare design.",Fit and Flare,Jersey,Boat,Sleeveless,Knee,Ruffles,Royal Blue,Formal
"Knee length Satin Wedding dress with Ruffles details, Strapless neckline and Long Sleeves featuring a Shift silhouette in Red.",Shift,Satin,Strapless,Long Sleeves,Knee,Ruffles,Red,Wedding
"Mermaid Formal dress crafted from Jersey with One-shoulder neckline,Cap Sleeves,No Embellishmentembellishment and Navycolor.",Mermaid,Jersey,One-shoulder,Cap Sleeves,Mini,No Embellishment,Navy,Formal
"Dusty Blue Crepe Formal dress featuring a Fit and Flare silhouette,Boat neckline,sleeve, and Sequin work with Tea length.",Fit and Flare,Crepe,Boat,Sleeveless,Tea,Sequin,Dusty Blue,Formal
"Tea length Chiffon Cocktail dress with Sequin details, Sweetheart neckline and Long Sleeves featuring a Fit and Flare silhouette in Navy.",Fit and Flare,Chiffon,Sweetheart,Long Sleeves,Tea,Sequin,Navy,Cocktail
"Mermaid Cocktail dress crafted from Crepe with Strapless neckline,Three-quarter Sleeves,Rufflesembellishment and Redcolor.",Mermaid,Crepe,Strapless,Three-quarter Sleeves,Floor,Ruffles,Red,Cocktail
"Floor length Satin Formal dress with Feather Trim details, Boat neckline and Short Sleeves featuring a Fitted silhouette in Sage.",Fitted,Satin,Boat,Short Sleeves,Floor,Feather Trim,Sage,Formal
"Floor length Tulle Party dress with Ruffles details, Halter neckline and Three-quarter Sleeves featuring a Mermaid silhouette in Dusty Blue.",Mermaid,Tulle,Halter,Three-quarter Sleeves,Floor,Ruffles,Dusty Blue,Party
"Midi length Satin Party dress with Beaded details, Illusion neckline and Short Sleeves featuring a Fitted silhouette in Dusty Blue.",Fitted,Satin,Illusion,Short Sleeves,Midi,Beaded,Dusty Blue,Party
"Fitted Party dress crafted from Organza with V-neck neckline,Long Sleeves,Feather Trimembellishment and Royal Bluecolor.",Fitted,Organza,V-neck,Long Sleeves,Tea,Feather Trim,Royal Blue,Party
"Fitted Evening dress crafted from Chiffon with Off-shoulder neckline,Short Sleeves,Embroideryembellishment and Navycolor.",Fitted,Chiffon,Off-shoulder,Short Sleeves,Tea,Embroidery,Navy,Evening
"Ball Gown Wedding dress crafted from Chiffon with Off-shoulder neckline,Three-quarter Sleeves,Rufflesembellishment and Pinkcolor.",Ball Gown,Chiffon,Off-shoulder,Three-quarter Sleeves,Knee,Ruffles,Pink,Wedding
"Emerald Velvet Formal dress featuring a Ball Gown silhouette,Sweetheart neckline,sleeve, and Embroidery work with Mini length.",Ball Gown,Velvet,Sweetheart,Cap Sleeves,Mini,Embroidery,Emerald,Formal
"Fit and Flare Bridesmaid dress crafted from Organza with Boat neckline,Cap Sleeves,No Embellishmentembellishment and Pinkcolor.",Fit and Flare,Organza,Boat,Cap Sleeves,Knee,No Embellishment,Pink,Bridesmaid
"Floor length Lace Prom dress with Feather Trim details, Sweetheart neckline and Short Sleeves featuring a Sheath silhouette in Pink.",Sheath,Lace,Sweetheart,Short Sleeves,Floor,Feather Trim,Pink,Prom
"Fit and Flare Prom dress crafted from Jersey with Boat neckline,Long Sleeves,No Embellishmentembellishment and Sagecolor.",Fit and Flare,Jersey,Boat,Long Sleeves,Floor,No Embellishment,Sage,Prom
"Fitted Party dress crafted from Tulle with Off-shoulder neckline,Three-quarter Sleeves,Ruchedembellishment and Bluecolor.",Fitted,Tulle,Off-shoulder,Three-quarter Sleeves,Knee,Ruched,Blue,Party
"Floor length Tulle Evening dress with Ruched details, Boat neckline and Three-quarter Sleeves featuring a A-line silhouette in Red.",A-line,Tulle,Boat,Three-quarter Sleeves,Floor,Ruched,Red,Evening
"Tulle Formal gown in BlackwithSweetheart neckline,Cap Sleeves,No Embellishment accents and Mini length Mermaid design.",Mermaid,Tulle,Sweetheart,Cap Sleeves,Mini,No Embellishment,Black,Formal
"Shift Formal dress crafted from Lace with Sweetheart neckline,Cap Sleeves,Feather Trimembellishment and Royal Bluecolor.",Shift,Lace,Sweetheart,Cap Sleeves,Midi,Feather Trim,Royal Blue,Formal
"Midi length Tulle Wedding dress with No Embellishment details, Strapless neckline and Cap Sleeves featuring a Ball Gown silhouette in Pink.",Ball Gown,Tulle,Strapless,Cap Sleeves,Midi,No Embellishment,Pink,Wedding
"Mini length Jersey Party dress with Ruched details, Off-shoulder neckline and Three-quarter Sleeves featuring a Sheath silhouette in White.",Sheath,Jersey,Off-shoulder,Three-quarter Sleeves,Mini,Ruched,White,Party
"Black Lace Prom dress featuring a Fitted silhouette,One-shoulder neckline,sleeve, and Feather Trim work with Mini length.",Fitted,Lace,One-shoulder,Sleeveless,Mini,Feather Trim,Black,Prom
"Organza Formal gown in Royal BluewithSquare neckline,Long Sleeves,Ruched accents and Tea length Empire design.",Empire,Organza,Square,Long Sleeves,Tea,Ruched,Royal Blue,Formal
"Lace Cocktail gown in EmeraldwithSweetheart neckline,Puff Sleeves,Pleated accents and Floor length Mermaid design.",Mermaid,Lace,Sweetheart,Puff Sleeves,Floor,Pleated,Emerald,Cocktail
"Crepe Prom gown in EmeraldwithOne-shoulder neckline,Cap Sleeves,Sequin accents and Midi length Sheath design.",Sheath,Crepe,One-shoulder,Cap Sleeves,Midi,Sequin,Emerald,Prom
"Navy Crepe Evening dress featuring a Ball Gown silhouette,Illusion neckline,sleeve, and Ruched work with Midi length.",Ball Gown,Crepe,Illusion,Puff Sleeves,Midi,Ruched,Navy,Evening
"Royal Blue Organza Prom dress featuring a Sheath silhouette,Boat neckline,sleeve, and Ruched work with Knee length.",Sheath,Organza,Boat,Sleeveless,Knee,Ruched,Royal Blue,Prom
"Fit and Flare Formal dress crafted from Chiffon with Halter neckline,Short Sleeves,Sequinembellishment and Royal Bluecolor.",Fit and Flare,Chiffon,Halter,Short Sleeves,Mini,Sequin,Royal Blue,Formal
"Knee length Velvet Formal dress with Ruffles details, Illusion neckline and Long Sleeves featuring a Fit and Flare silhouette in Red.",Fit and Flare,Velvet,Illusion,Long Sleeves,Knee,Ruffles,Red,Formal
"Red Jersey Wedding dress featuring a A-line silhouette,Boat neckline,sleeve, and Feather Trim work with Tea length.",A-line,Jersey,Boat,Sleeveless,Tea,Feather Trim,Red,Wedding
"Pink Organza Cocktail dress featuring a Empire silhouette,Square neckline,sleeve, and Feather Trim work with Knee length.",Empire,Organza,Square,Long Sleeves,Knee,Feather Trim,Pink,Cocktail
"Jersey Wedding gown in EmeraldwithBoat neckline,Short Sleeves,Beaded accents and Midi length Mermaid design.",Mermaid,Jersey,Boat,Short Sleeves,Midi,Beaded,Emerald,Wedding
"Mini length Organza Prom dress with Ruched details, Strapless neckline and Short Sleeves featuring a Sheath silhouette in Black.",Sheath,Organza,Strapless,Short Sleeves,Mini,Ruched,Black,Prom
"Tulle Formal gown in WhitewithOne-shoulder neckline,Puff Sleeves,Feather Trim accents and Floor length Fitted design.",Fitted,Tulle,One-shoulder,Puff Sleeves,Floor,Feather Trim,White,Formal
"Fitted Formal dress crafted from Chiffon with Strapless neckline,Short Sleeves,Pleatedembellishment and Whitecolor.",Fitted,Chiffon,Strapless,Short Sleeves,Tea,Pleated,White,Formal
"Mini length Organza Evening dress with Sequin details, Sweetheart neckline and Long Sleeves featuring a Fit and Flare silhouette in Navy.",Fit and Flare,Organza,Sweetheart,Long Sleeves,Mini,Sequin,Navy,Evening
"Ball Gown Formal dress crafted from Velvet with Strapless neckline,Long Sleeves,No Embellishmentembellishment and Sagecolor.",Ball Gown,Velvet,Strapless,Long Sleeves,Floor,No Embellishment,Sage,Formal
"Navy Organza Wedding dress featuring a Mermaid silhouette,Sweetheart neckline,sleeve, and Ruched work with Tea length.",Mermaid,Organza,Sweetheart,Cap Sleeves,Tea,Ruched,Navy,Wedding
"Sage Crepe Cocktail dress featuring a Sheath silhouette,Boat neckline,sleeve, and Beaded work with Midi length.",Sheath,Crepe,Boat,Long Sleeves,Midi,Beaded,Sage,Cocktail
"Organza Formal gown in WhitewithOne-shoulder neckline,Long Sleeves,No Embellishment accents and Mini length A-line design.",A-line,Organza,One-shoulder,Long Sleeves,Mini,No Embellishment,White,Formal
"Chiffon Party gown in WhitewithIllusion neckline,Long Sleeves,Pleated accents and Knee length A-line design.",A-line,Chiffon,Illusion,Long Sleeves,Knee,Pleated,White,Party
"Velvet Party gown in NavywithIllusion neckline,Long Sleeves,Sequin accents and Tea length Sheath design.",Sheath,Velvet,Illusion,Long Sleeves,Tea,Sequin,Navy,Party
"Jersey Prom gown in BlackwithSquare neckline,Sleeveless,Embroidery accents and Mini length Mermaid design.",Mermaid,Jersey,Square,Sleeveless,Mini,Embroidery,Black,Prom
"Mini length Chiffon Cocktail dress with Embroidery details, Square neckline and Short Sleeves featuring a Empire silhouette in Dusty Blue.",Empire,Chiffon,Square,Short Sleeves,Mini,Embroidery,Dusty Blue,Cocktail
"Crepe Cocktail gown in EmeraldwithBoat neckline,Short Sleeves,Beaded accents and Tea length Ball Gown design.",Ball Gown,Crepe,Boat,Short Sleeves,Tea,Beaded,Emerald,Cocktail
"A-line Party dress crafted from Jersey with Boat neckline,Three-quarter Sleeves,Sequinembellishment and Emeraldcolor.",A-line,Jersey,Boat,Three-quarter Sleeves,Mini,Sequin,Emerald,Party
"Satin Prom gown in WhitewithBoat neckline,Three-quarter Sleeves,Beaded accents and Floor length Shift design.",Shift,Satin,Boat,Three-quarter Sleeves,Floor,Beaded,White,Prom
"Dusty Blue Lace Cocktail dress featuring a Ball Gown silhouette,One-shoulder neckline,sleeve, and Feather Trim work with Tea length.",Ball Gown,Lace,One-shoulder,Puff Sleeves,Tea,Feather Trim,Dusty Blue,Cocktail
"Organza Evening gown in Dusty BluewithSweetheart neckline,Three-quarter Sleeves,Pleated accents and Mini length Fitted design.",Fitted,Organza,Sweetheart,Three-quarter Sleeves,Mini,Pleated,Dusty Blue,Evening
"Sage Tulle Evening dress featuring a Shift silhouette,Boat neckline,sleeve, and Beaded work with Floor length.",Shift,Tulle,Boat,Cap Sleeves,Floor,Beaded,Sage,Evening
"Floor length Tulle Party dress with Beaded details, Square neckline and Three-quarter Sleeves featuring a Fit and Flare silhouette in White.",Fit and Flare,Tulle,Square,Three-quarter Sleeves,Floor,Beaded,White,Party
"Pink Organza Wedding dress featuring a Ball Gown silhouette,Sweetheart neckline,sleeve, and Embroidery work with Midi length.",Ball Gown,Organza,Sweetheart,Three-quarter Sleeves,Midi,Embroidery,Pink,Wedding
"Navy Organza Cocktail dress featuring a Ball Gown silhouette,Illusion neckline,sleeve, and Sequin work with Floor length.",Ball Gown,Organza,Illusion,Three-quarter Sleeves,Floor,Sequin,Navy,Cocktail
"Knee length Satin Party dress with No Embellishment details, Strapless neckline and Long Sleeves featuring a Empire silhouette in Blue.",Empire,Satin,Strapless,Long Sleeves,Knee,No Embellishment,Blue,Party
"Tea length Tulle Party dress with Pleated details, Sweetheart neckline and Short Sleeves featuring a Empire silhouette in Dusty Blue.",Empire,Tulle,Sweetheart,Short Sleeves,Tea,Pleated,Dusty Blue,Party
"Chiffon Wedding gown in SagewithSquare neckline,Short Sleeves,Feather Trim accents and Midi length Fit and Flare design.",Fit and Flare,Chiffon,Square,Short Sleeves,Midi,Feather Trim,Sage,Wedding
"Mermaid Bridesmaid dress crafted from Organza with Sweetheart neckline,Long Sleeves,Beadedembellishment and Pinkcolor.",Mermaid,Organza,Sweetheart,Long Sleeves,Mini,Beaded,Pink,Bridesmaid
"Midi length Crepe Party dress with Ruffles details, Illusion neckline and Long Sleeves featuring a Shift silhouette in Sage.",Shift,Crepe,Illusion,Long Sleeves,Midi,Ruffles,Sage,Party
"A-line Evening dress crafted from Lace with Square neckline,Puff Sleeves,Beadedembellishment and Navycolor.",A-line,Lace,Square,Puff Sleeves,Mini,Beaded,Navy,Evening
"Knee length Crepe Evening dress with Beaded details, Halter neckline and Short Sleeves featuring a Fitted silhouette in Sage.",Fitted,Crepe,Halter,Short Sleeves,Knee,Beaded,Sage,Evening
"Midi length Crepe Evening dress with Sequin details, Strapless neckline and Three-quarter Sleeves featuring a Fit and Flare silhouette in Blue.",Fit and Flare,Crepe,Strapless,Three-quarter Sleeves,Midi,Sequin,Blue,Evening
"Knee length Velvet Prom dress with Ruffles details, One-shoulder neckline and Long Sleeves featuring a A-line silhouette in Navy.",A-line,Velvet,One-shoulder,Long Sleeves,Knee,Ruffles,Navy,Prom
"Crepe Formal gown in PinkwithHalter neckline,Long Sleeves,Ruched accents and Knee length A-line design.",A-line,Crepe,Halter,Long Sleeves,Knee,Ruched,Pink,Formal
"Mini length Satin Evening dress with Ruched details, Halter neckline and Three-quarter Sleeves featuring a Empire silhouette in Black.",Empire,Satin,Halter,Three-quarter Sleeves,Mini,Ruched,Black,Evening
"Floor length Organza Evening dress with Ruffles details, Halter neckline and Three-quarter Sleeves featuring a Empire silhouette in White.",Empire,Organza,Halter,Three-quarter Sleeves,Floor,Ruffles,White,Evening
"Midi length Lace Party dress with Beaded details, Boat neckline and Three-quarter Sleeves featuring a Empire silhouette in Dusty Blue.",Empire,Lace,Boat,Three-quarter Sleeves,Midi,Beaded,Dusty Blue,Party
"Navy Organza Formal dress featuring a Sheath silhouette,Halter neckline,sleeve, and Ruched work with Mini length.",Sheath,Organza,Halter,Puff Sleeves,Mini,Ruched,Navy,Formal
"Tulle Cocktail gown in PinkwithSquare neckline,Sleeveless,Beaded accents and Tea length Sheath design.",Sheath,Tulle,Square,Sleeveless,Tea,Beaded,Pink,Cocktail
"Tulle Bridesmaid gown in NavywithSquare neckline,Long Sleeves,Embroidery accents and Mini length Empire design.",Empire,Tulle,Square,Long Sleeves,Mini,Embroidery,Navy,Bridesmaid
"Mermaid Party dress crafted from Satin with Square neckline,Three-quarter Sleeves,No Embellishmentembellishment and Royal Bluecolor.",Mermaid,Satin,Square,Three-quarter Sleeves,Floor,No Embellishment,Royal Blue,Party
"Emerald Tulle Formal dress featuring a Empire silhouette,Square neckline,sleeve, and No Embellishment work with Mini length.",Empire,Tulle,Square,Cap Sleeves,Mini,No Embellishment,Emerald,Formal
"Mini length Chiffon Evening dress with Ruffles details, Illusion neckline and Puff Sleeves featuring a Fit and Flare silhouette in Emerald.",Fit and Flare,Chiffon,Illusion,Puff Sleeves,Mini,Ruffles,Emerald,Evening
"Mini length Tulle Cocktail dress with Ruched details, One-shoulder neckline and Sleeveless featuring a A-line silhouette in Emerald.",A-line,Tulle,One-shoulder,Sleeveless,Mini,Ruched,Emerald,Cocktail
"Floor length Velvet Evening dress with Embroidery details, Illusion neckline and Puff Sleeves featuring a Fitted silhouette in Black.",Fitted,Velvet,Illusion,Puff Sleeves,Floor,Embroidery,Black,Evening
"Empire Formal dress crafted from Satin with Strapless neckline,Three-quarter Sleeves,Sequinembellishment and Bluecolor.",Empire,Satin,Strapless,Three-quarter Sleeves,Knee,Sequin,Blue,Formal
"Dusty Blue Lace Party dress featuring a Fitted silhouette,Illusion neckline,sleeve, and Ruched work with Midi length.",Fitted,Lace,Illusion,Short Sleeves,Midi,Ruched,Dusty Blue,Party
"Tulle Prom gown in NavywithSweetheart neckline,Short Sleeves,Ruched accents and Mini length A-line design.",A-line,Tulle,Sweetheart,Short Sleeves,Mini,Ruched,Navy,Prom
"Midi length Satin Cocktail dress with Ruched details, Square neckline and Short Sleeves featuring a Empire silhouette in Red.",Empire,Satin,Square,Short Sleeves,Midi,Ruched,Red,Cocktail
"Dusty Blue Organza Cocktail dress featuring a Fit and Flare silhouette,Illusion neckline,sleeve, and Beaded work with Tea length.",Fit and Flare,Organza,Illusion,Long Sleeves,Tea,Beaded,Dusty Blue,Cocktail
"Tulle Bridesmaid gown in EmeraldwithOne-shoulder neckline,Long Sleeves,Feather Trim accents and Knee length A-line design.",A-line,Tulle,One-shoulder,Long Sleeves,Knee,Feather Trim,Emerald,Bridesmaid
"Lace Party gown in SagewithSweetheart neckline,Short Sleeves,Sequin accents and Mini length Mermaid design.",Mermaid,Lace,Sweetheart,Short Sleeves,Mini,Sequin,Sage,Party
"Shift Wedding dress crafted from Lace with Square neckline,Long Sleeves,Embroideryembellishment and Emeraldcolor.",Shift,Lace,Square,Long Sleeves,Tea,Embroidery,Emerald,Wedding
"Velvet Cocktail gown in BluewithBoat neckline,Puff Sleeves,No Embellishment accents and Midi length Empire design.",Empire,Velvet,Boat,Puff Sleeves,Midi,No Embellishment,Blue,Cocktail
"Emerald Crepe Party dress featuring a Fit and Flare silhouette,Off-shoulder neckline,sleeve, and No Embellishment work with Tea length.",Fit and Flare,Crepe,Off-shoulder,Short Sleeves,Tea,No Embellishment,Emerald,Party
"Shift Wedding dress crafted from Organza with Square neckline,Long Sleeves,Embroideryembellishment and Navycolor.",Shift,Organza,Square,Long Sleeves,Tea,Embroidery,Navy,Wedding
"Empire Prom dress crafted from Satin with Strapless neckline,Sleeveless,Beadedembellishment and Redcolor.",Empire,Satin,Strapless,Sleeveless,Midi,Beaded,Red,Prom
"Floor length Organza Evening dress with Feather Trim details, Sweetheart neckline and Long Sleeves featuring a Mermaid silhouette in Black.",Mermaid,Organza,Sweetheart,Long Sleeves,Floor,Feather Trim,Black,Evening
"Blue Tulle Wedding dress featuring a Shift silhouette,Off-shoulder neckline,sleeve, and Feather Trim work with Mini length.",Shift,Tulle,Off-shoulder,Cap Sleeves,Mini,Feather Trim,Blue,Wedding
"Tulle Formal gown in EmeraldwithSquare neckline,Long Sleeves,Ruffles accents and Mini length Ball Gown design.",Ball Gown,Tulle,Square,Long Sleeves,Mini,Ruffles,Emerald,Formal
"Crepe Party gown in BluewithV-neck neckline,Sleeveless,Ruffles accents and Mini length Fitted design.",Fitted,Crepe,V-neck,Sleeveless,Mini,Ruffles,Blue,Party
"Shift Bridesmaid dress crafted from Satin with One-shoulder neckline,Long Sleeves,Beadedembellishment and Blackcolor.",Shift,Satin,One-shoulder,Long Sleeves,Midi,Beaded,Black,Bridesmaid
"Satin Cocktail gown in PinkwithSweetheart neckline,Cap Sleeves,Sequin accents and Tea length Fitted design.",Fitted,Satin,Sweetheart,Cap Sleeves,Tea,Sequin,Pink,Cocktail
"Mermaid Cocktail dress crafted from Jersey with Halter neckline,Sleeveless,Feather Trimembellishment and Bluecolor.",Mermaid,Jersey,Halter,Sleeveless,Tea,Feather Trim,Blue,Cocktail
"Mermaid Party dress crafted from Satin with Strapless neckline,Short Sleeves,Sequinembellishment and Dusty Bluecolor.",Mermaid,Satin,Strapless,Short Sleeves,Mini,Sequin,Dusty Blue,Party
"Organza Prom gown in WhitewithIllusion neckline,Short Sleeves,Feather Trim accents and Mini length A-line design.",A-line,Organza,Illusion,Short Sleeves,Mini,Feather Trim,White,Prom
"Ball Gown Party dress crafted from Tulle with Square neckline,Sleeveless,Feather Trimembellishment and Redcolor.",Ball Gown,Tulle,Square,Sleeveless,Midi,Feather Trim,Red,Party
"Floor length Lace Bridesmaid dress with Sequin details, Square neckline and Sleeveless featuring a Fitted silhouette in Navy.",Fitted,Lace,Square,Sleeveless,Floor,Sequin,Navy,Bridesmaid
"Pink Chiffon Evening dress featuring a Sheath silhouette,Illusion neckline,sleeve, and Ruched work with Tea length.",Sheath,Chiffon,Illusion,Short Sleeves,Tea,Ruched,Pink,Evening
"Navy Velvet Wedding dress featuring a A-line silhouette,One-shoulder neckline,sleeve, and Feather Trim work with Mini length.",A-line,Velvet,One-shoulder,Short Sleeves,Mini,Feather Trim,Navy,Wedding
"Shift Formal dress crafted from Organza with Boat neckline,Cap Sleeves,Embroideryembellishment and Emeraldcolor.",Shift,Organza,Boat,Cap Sleeves,Midi,Embroidery,Emerald,Formal
"Jersey Cocktail gown in Dusty BluewithSweetheart neckline,Three-quarter Sleeves,Beaded accents and Floor length Empire design.",Empire,Jersey,Sweetheart,Three-quarter Sleeves,Floor,Beaded,Dusty Blue,Cocktail
"Fit and Flare Evening dress crafted from Tulle with Sweetheart neckline,Sleeveless,Rufflesembellishment and Navycolor.",Fit and Flare,Tulle,Sweetheart,Sleeveless,Midi,Ruffles,Navy,Evening
"Royal Blue Crepe Evening dress featuring a Mermaid silhouette,Illusion neckline,sleeve, and Feather Trim work with Mini length.",Mermaid,Crepe,Illusion,Cap Sleeves,Mini,Feather Trim,Royal Blue,Evening
"A-line Bridesmaid dress crafted from Satin with Halter neckline,Short Sleeves,Embroideryembellishment and Blackcolor.",A-line,Satin,Halter,Short Sleeves,Tea,Embroidery,Black,Bridesmaid
"Midi length Lace Cocktail dress with Feather Trim details, Sweetheart neckline and Long Sleeves featuring a A-line silhouette in Dusty Blue.",A-line,Lace,Sweetheart,Long Sleeves,Midi,Feather Trim,Dusty Blue,Cocktail
"Royal Blue Crepe Bridesmaid dress featuring a Mermaid silhouette,Illusion neckline,sleeve, and Beaded work with Floor length.",Mermaid,Crepe,Illusion,Short Sleeves,Floor,Beaded,Royal Blue,Bridesmaid
"Shift Evening dress crafted from Tulle with One-shoulder neckline,Long Sleeves,Sequinembellishment and Redcolor.",Shift,Tulle,One-shoulder,Long Sleeves,Mini,Sequin,Red,Evening
"Ball Gown Prom dress crafted from Jersey with One-shoulder neckline,Three-quarter Sleeves,Pleatedembellishment and Royal Bluecolor.",Ball Gown,Jersey,One-shoulder,Three-quarter Sleeves,Floor,Pleated,Royal Blue,Prom
"Emerald Satin Wedding dress featuring a Sheath silhouette,Square neckline,sleeve, and Embroidery work with Floor length.",Sheath,Satin,Square,Sleeveless,Floor,Embroidery,Emerald,Wedding
"Satin Formal gown in RedwithStrapless neckline,Puff Sleeves,Ruffles accents and Midi length Empire design.",Empire,Satin,Strapless,Puff Sleeves,Midi,Ruffles,Red,Formal
"Emerald Velvet Wedding dress featuring a Empire silhouette,Sweetheart neckline,sleeve, and Pleated work with Knee length.",Empire,Velvet,Sweetheart,Long Sleeves,Knee,Pleated,Emerald,Wedding
"Empire Prom dress crafted from Crepe with Strapless neckline,Long Sleeves,Beadedembellishment and Whitecolor.",Empire,Crepe,Strapless,Long Sleeves,Tea,Beaded,White,Prom
"Mini length Organza Formal dress with Embroidery details, Halter neckline and Puff Sleeves featuring a Fitted silhouette in Sage.",Fitted,Organza,Halter,Puff Sleeves,Mini,Embroidery,Sage,Formal
"Knee length Crepe Evening dress with Embroidery details, Strapless neckline and Short Sleeves featuring a Fitted silhouette in Red.",Fitted,Crepe,Strapless,Short Sleeves,Knee,Embroidery,Red,Evening
"Blue Lace Prom dress featuring a Ball Gown silhouette,One-shoulder neckline,sleeve, and Feather Trim work with Knee length.",Ball Gown,Lace,One-shoulder,Long Sleeves,Knee,Feather Trim,Blue,Prom
"Red Jersey Formal dress featuring a Ball Gown silhouette,Off-shoulder neckline,sleeve, and Ruffles work with Tea length.",Ball Gown,Jersey,Off-shoulder,Three-quarter Sleeves,Tea,Ruffles,Red,Formal
"Tea length Lace Wedding dress with Feather Trim details, Square neckline and Long Sleeves featuring a Ball Gown silhouette in Royal Blue.",Ball Gown,Lace,Square,Long Sleeves,Tea,Feather Trim,Royal Blue,Wedding
"Knee length Chiffon Formal dress with Ruched details, One-shoulder neckline and Three-quarter Sleeves featuring a Ball Gown silhouette in Royal Blue.",Ball Gown,Chiffon,One-shoulder,Three-quarter Sleeves,Knee,Ruched,Royal Blue,Formal
"Knee length Jersey Evening dress with Ruched details, One-shoulder neckline and Cap Sleeves featuring a Fitted silhouette in Navy.",Fitted,Jersey,One-shoulder,Cap Sleeves,Knee,Ruched,Navy,Evening
"Lace Prom gown in BluewithBoat neckline,Cap Sleeves,No Embellishment accents and Floor length A-line design.",A-line,Lace,Boat,Cap Sleeves,Floor,No Embellishment,Blue,Prom
"Knee length Tulle Cocktail dress with Feather Trim details, Illusion neckline and Cap Sleeves featuring a Empire silhouette in Pink.",Empire,Tulle,Illusion,Cap Sleeves,Knee,Feather Trim,Pink,Cocktail
"Midi length Velvet Bridesmaid dress with No Embellishment details, Boat neckline and Sleeveless featuring a Empire silhouette in Blue.",Empire,Velvet,Boat,Sleeveless,Midi,No Embellishment,Blue,Bridesmaid
"Red Jersey Party dress featuring a A-line silhouette,Halter neckline,sleeve, and Pleated work with Floor length.",A-line,Jersey,Halter,Puff Sleeves,Floor,Pleated,Red,Party
"Empire Prom dress crafted from Velvet with Square neckline,Cap Sleeves,No Embellishmentembellishment and Emeraldcolor.",Empire,Velvet,Square,Cap Sleeves,Tea,No Embellishment,Emerald,Prom
"Blue Satin Cocktail dress featuring a A-line silhouette,Halter neckline,sleeve, and Pleated work with Floor length.",A-line,Satin,Halter,Puff Sleeves,Floor,Pleated,Blue,Cocktail
"Tea length Chiffon Cocktail dress with No Embellishment details, One-shoulder neckline and Cap Sleeves featuring a A-line silhouette in Navy.",A-line,Chiffon,One-shoulder,Cap Sleeves,Tea,No Embellishment,Navy,Cocktail
"Ball Gown Wedding dress crafted from Organza with Square neckline,Short Sleeves,Ruchedembellishment and Sagecolor.",Ball Gown,Organza,Square,Short Sleeves,Midi,Ruched,Sage,Wedding
"A-line Cocktail dress crafted from Velvet with Illusion neckline,Puff Sleeves,Beadedembellishment and Dusty Bluecolor.",A-line,Velvet,Illusion,Puff Sleeves,Midi,Beaded,Dusty Blue,Cocktail
"Sage Satin Cocktail dress featuring a Fit and Flare silhouette,Square neckline,sleeve, and Feather Trim work with Floor length.",Fit and Flare,Satin,Square,Sleeveless,Floor,Feather Trim,Sage,Cocktail
"Velvet Wedding gown in BlackwithStrapless neckline,Cap Sleeves,Sequin accents and Tea length Mermaid design.",Mermaid,Velvet,Strapless,Cap Sleeves,Tea,Sequin,Black,Wedding
"Sage Crepe Cocktail dress featuring a Empire silhouette,Strapless neckline,sleeve, and Embroidery work with Knee length.",Empire,Crepe,Strapless,Cap Sleeves,Knee,Embroidery,Sage,Cocktail
"Mermaid Prom dress crafted from Organza with One-shoulder neckline,Puff Sleeves,No Embellishmentembellishment and Royal Bluecolor.",Mermaid,Organza,One-shoulder,Puff Sleeves,Midi,No Embellishment,Royal Blue,Prom
"Mini length Tulle Prom dress with Ruched details, Illusion neckline and Three-quarter Sleeves featuring a A-line silhouette in Royal Blue.",A-line,Tulle,Illusion,Three-quarter Sleeves,Mini,Ruched,Royal Blue,Prom
"Fitted Cocktail dress crafted from Jersey with Off-shoulder neckline,Three-quarter Sleeves,No Embellishmentembellishment and Redcolor.",Fitted,Jersey,Off-shoulder,Three-quarter Sleeves,Mini,No Embellishment,Red,Cocktail
"Black Velvet Evening dress featuring a Mermaid silhouette,V-neck neckline,sleeve, and Pleated work with Mini length.",Mermaid,Velvet,V-neck,Puff Sleeves,Mini,Pleated,Black,Evening
"Shift Party dress crafted from Lace with Halter neckline,Three-quarter Sleeves,Ruchedembellishment and Pinkcolor.",Shift,Lace,Halter,Three-quarter Sleeves,Knee,Ruched,Pink,Party
"A-line Cocktail dress crafted from Lace with Strapless neckline,Long Sleeves,Feather Trimembellishment and Emeraldcolor.",A-line,Lace,Strapless,Long Sleeves,Tea,Feather Trim,Emerald,Cocktail
"Empire Cocktail dress crafted from Lace with Boat neckline,Puff Sleeves,Feather Trimembellishment and Navycolor.",Empire,Lace,Boat,Puff Sleeves,Midi,Feather Trim,Navy,Cocktail
"Navy Velvet Party dress featuring a Sheath silhouette,One-shoulder neckline,sleeve, and Pleated work with Midi length.",Sheath,Velvet,One-shoulder,Puff Sleeves,Midi,Pleated,Navy,Party
"Sheath Wedding dress crafted from Crepe with Illusion neckline,Cap Sleeves,Rufflesembellishment and Navycolor.",Sheath,Crepe,Illusion,Cap Sleeves,Midi,Ruffles,Navy,Wedding
"Shift Prom dress crafted from Tulle with Square neckline,Short Sleeves,Rufflesembellishment and Whitecolor.",Shift,Tulle,Square,Short Sleeves,Mini,Ruffles,White,Prom
"Pink Crepe Formal dress featuring a Fit and Flare silhouette,Off-shoulder neckline,sleeve, and Ruffles work with Tea length.",Fit and Flare,Crepe,Off-shoulder,Long Sleeves,Tea,Ruffles,Pink,Formal
"Mini length Satin Wedding dress with Pleated details, Off-shoulder neckline and Long Sleeves featuring a Mermaid silhouette in Blue.",Mermaid,Satin,Off-shoulder,Long Sleeves,Mini,Pleated,Blue,Wedding
"Shift Bridesmaid dress crafted from Tulle with Boat neckline,Sleeveless,Sequinembellishment and Pinkcolor.",Shift,Tulle,Boat,Sleeveless,Knee,Sequin,Pink,Bridesmaid
"Midi length Crepe Party dress with Ruffles details, Off-shoulder neckline and Short Sleeves featuring a Fitted silhouette in Black.",Fitted,Crepe,Off-shoulder,Short Sleeves,Midi,Ruffles,Black,Party
"Sheath Party dress crafted from Chiffon with Square neckline,Cap Sleeves,Sequinembellishment and Dusty Bluecolor.",Sheath,Chiffon,Square,Cap Sleeves,Knee,Sequin,Dusty Blue,Party
"Mermaid Prom dress crafted from Jersey with V-neck neckline,Sleeveless,Beadedembellishment and Sagecolor.",Mermaid,Jersey,V-neck,Sleeveless,Midi,Beaded,Sage,Prom
"Lace Prom gown in WhitewithStrapless neckline,Cap Sleeves,Pleated accents and Midi length Fitted design.",Fitted,Lace,Strapless,Cap Sleeves,Midi,Pleated,White,Prom
"Jersey Formal gown in Royal BluewithSquare neckline,Sleeveless,Ruffles accents and Midi length Fitted design.",Fitted,Jersey,Square,Sleeveless,Midi,Ruffles,Royal Blue,Formal
"Midi length Organza Formal dress with Beaded details, Halter neckline and Puff Sleeves featuring a Mermaid silhouette in Dusty Blue.",Mermaid,Organza,Halter,Puff Sleeves,Midi,Beaded,Dusty Blue,Formal
"Lace Evening gown in NavywithBoat neckline,Short Sleeves,Sequin accents and Knee length Mermaid design.",Mermaid,Lace,Boat,Short Sleeves,Knee,Sequin,Navy,Evening
"Navy Jersey Formal dress featuring a Fitted silhouette,Illusion neckline,sleeve, and Sequin work with Tea length.",Fitted,Jersey,Illusion,Short Sleeves,Tea,Sequin,Navy,Formal
"Dusty Blue Chiffon Formal dress featuring a Sheath silhouette,Sweetheart neckline,sleeve, and Embroidery work with Midi length.",Sheath,Chiffon,Sweetheart,Cap Sleeves,Midi,Embroidery,Dusty Blue,Formal
"Jersey Evening gown in RedwithIllusion neckline,Puff Sleeves,Pleated accents and Knee length Ball Gown design.",Ball Gown,Jersey,Illusion,Puff Sleeves,Knee,Pleated,Red,Evening
"Tulle Party gown in PinkwithHalter neckline,Three-quarter Sleeves,No Embellishment accents and Tea length Fitted design.",Fitted,Tulle,Halter,Three-quarter Sleeves,Tea,No Embellishment,Pink,Party
"Tea length Satin Cocktail dress with Feather Trim details, Strapless neckline and Cap Sleeves featuring a Sheath silhouette in White.",Sheath,Satin,Strapless,Cap Sleeves,Tea,Feather Trim,White,Cocktail
"Knee length Velvet Evening dress with Feather Trim details, Strapless neckline and Long Sleeves featuring a A-line silhouette in Pink.",A-line,Velvet,Strapless,Long Sleeves,Knee,Feather Trim,Pink,Evening
"Sheath Bridesmaid dress crafted from Crepe with Sweetheart neckline,Puff Sleeves,Sequinembellishment and Emeraldcolor.",Sheath,Crepe,Sweetheart,Puff Sleeves,Floor,Sequin,Emerald,Bridesmaid
"Midi length Chiffon Prom dress with Sequin details, Strapless neckline and Cap Sleeves featuring a Fitted silhouette in Dusty Blue.",Fitted,Chiffon,Strapless,Cap Sleeves,Midi,Sequin,Dusty Blue,Prom
"Midi length Satin Wedding dress with Beaded details, V-neck neckline and Cap Sleeves featuring a Sheath silhouette in Pink.",Sheath,Satin,V-neck,Cap Sleeves,Midi,Beaded,Pink,Wedding
"Fitted Prom dress crafted from Chiffon with One-shoulder neckline,Cap Sleeves,Embroideryembellishment and Dusty Bluecolor.",Fitted,Chiffon,One-shoulder,Cap Sleeves,Knee,Embroidery,Dusty Blue,Prom
"Organza Wedding gown in SagewithHalter neckline,Sleeveless,Embroidery accents and Tea length Fitted design.",Fitted,Organza,Halter,Sleeveless,Tea,Embroidery,Sage,Wedding
"Shift Formal dress crafted from Lace with Off-shoulder neckline,Sleeveless,Rufflesembellishment and Emeraldcolor.",Shift,Lace,Off-shoulder,Sleeveless,Mini,Ruffles,Emerald,Formal
"Midi length Velvet Bridesmaid dress with Embroidery details, Off-shoulder neckline and Cap Sleeves featuring a Shift silhouette in Navy.",Shift,Velvet,Off-shoulder,Cap Sleeves,Midi,Embroidery,Navy,Bridesmaid
"Knee length Organza Cocktail dress with Beaded details, V-neck neckline and Long Sleeves featuring a A-line silhouette in White.",A-line,Organza,V-neck,Long Sleeves,Knee,Beaded,White,Cocktail
"Chiffon Bridesmaid gown in EmeraldwithOff-shoulder neckline,Three-quarter Sleeves,Ruched accents and Mini length Fitted design.",Fitted,Chiffon,Off-shoulder,Three-quarter Sleeves,Mini,Ruched,Emerald,Bridesmaid
"Royal Blue Lace Cocktail dress featuring a A-line silhouette,Strapless neckline,sleeve, and Feather Trim work with Knee length.",A-line,Lace,Strapless,Short Sleeves,Knee,Feather Trim,Royal Blue,Cocktail
"Dusty Blue Jersey Prom dress featuring a Sheath silhouette,Square neckline,sleeve, and Pleated work with Tea length.",Sheath,Jersey,Square,Three-quarter Sleeves,Tea,Pleated,Dusty Blue,Prom
"A-line Formal dress crafted from Lace with Halter neckline,Puff Sleeves,Sequinembellishment and Sagecolor.",A-line,Lace,Halter,Puff Sleeves,Floor,Sequin,Sage,Formal
"Empire Party dress crafted from Organza with Halter neckline,Long Sleeves,Ruchedembellishment and Redcolor.",Empire,Organza,Halter,Long Sleeves,Midi,Ruched,Red,Party
"Sheath Cocktail dress crafted from Velvet with One-shoulder neckline,Three-quarter Sleeves,No Embellishmentembellishment and Blackcolor.",Sheath,Velvet,One-shoulder,Three-quarter Sleeves,Knee,No Embellishment,Black,Cocktail
"Midi length Lace Formal dress with Pleated details, Halter neckline and Long Sleeves featuring a Shift silhouette in Sage.",Shift,Lace,Halter,Long Sleeves,Midi,Pleated,Sage,Formal
"Knee length Tulle Evening dress with Sequin details, Sweetheart neckline and Puff Sleeves featuring a Fitted silhouette in Navy.",Fitted,Tulle,Sweetheart,Puff Sleeves,Knee,Sequin,Navy,Evening
"Floor length Velvet Prom dress with Pleated details, Strapless neckline and Long Sleeves featuring a Ball Gown silhouette in Sage.",Ball Gown,Velvet,Strapless,Long Sleeves,Floor,Pleated,Sage,Prom
"Velvet Formal gown in Royal BluewithSweetheart neckline,Three-quarter Sleeves,Pleated accents and Floor length Sheath design.",Sheath,Velvet,Sweetheart,Three-quarter Sleeves,Floor,Pleated,Royal Blue,Formal
"Emerald Velvet Cocktail dress featuring a Shift silhouette,Strapless neckline,sleeve, and Ruched work with Midi length.",Shift,Velvet,Strapless,Short Sleeves,Midi,Ruched,Emerald,Cocktail
"Fit and Flare Party dress crafted from Jersey with Illusion neckline,Puff Sleeves,No Embellishmentembellishment and Whitecolor.",Fit and Flare,Jersey,Illusion,Puff Sleeves,Floor,No Embellishment,White,Party
"Velvet Party gown in Royal BluewithIllusion neckline,Short Sleeves,Sequin accents and Floor length Empire design.",Empire,Velvet,Illusion,Short Sleeves,Floor,Sequin,Royal Blue,Party
"Chiffon Bridesmaid gown in NavywithOne-shoulder neckline,Puff Sleeves,Ruched accents and Tea length Mermaid design.",Mermaid,Chiffon,One-shoulder,Puff Sleeves,Tea,Ruched,Navy,Bridesmaid
"Pink Velvet Formal dress featuring a Empire silhouette,Halter neckline,sleeve, and No Embellishment work with Knee length.",Empire,Velvet,Halter,Puff Sleeves,Knee,No Embellishment,Pink,Formal
"Fit and Flare Bridesmaid dress crafted from Crepe with Boat neckline,Cap Sleeves,Feather Trimembellishment and Redcolor.",Fit and Flare,Crepe,Boat,Cap Sleeves,Knee,Feather Trim,Red,Bridesmaid
"Chiffon Evening gown in BlackwithStrapless neckline,Sleeveless,Sequin accents and Mini length Mermaid design.",Mermaid,Chiffon,Strapless,Sleeveless,Mini,Sequin,Black,Evening
"Sheath Wedding dress crafted from Satin with Square neckline,Sleeveless,No Embellishmentembellishment and Sagecolor.",Sheath,Satin,Square,Sleeveless,Knee,No Embellishment,Sage,Wedding
"Black Chiffon Wedding dress featuring a Fitted silhouette,V-neck neckline,sleeve, and Ruched work with Tea length.",Fitted,Chiffon,V-neck,Puff Sleeves,Tea,Ruched,Black,Wedding
"Chiffon Wedding gown in WhitewithStrapless neckline,Three-quarter Sleeves,Embroidery accents and Floor length Fit and Flare design.",Fit and Flare,Chiffon,Strapless,Three-quarter Sleeves,Floor,Embroidery,White,Wedding
"Dusty Blue Velvet Wedding dress featuring a Sheath silhouette,Strapless neckline,sleeve, and Ruffles work with Midi length.",Sheath,Velvet,Strapless,Short Sleeves,Midi,Ruffles,Dusty Blue,Wedding
"Knee length Crepe Formal dress with Ruffles details, Off-shoulder neckline and Three-quarter Sleeves featuring a Shift silhouette in White.",Shift,Crepe,Off-shoulder,Three-quarter Sleeves,Knee,Ruffles,White,Formal
"Tea length Organza Formal dress with No Embellishment details, Halter neckline and Cap Sleeves featuring a Ball Gown silhouette in Black.",Ball Gown,Organza,Halter,Cap Sleeves,Tea,No Embellishment,Black,Formal
"Satin Wedding gown in PinkwithBoat neckline,Cap Sleeves,Beaded accents and Midi length Mermaid design.",Mermaid,Satin,Boat,Cap Sleeves,Midi,Beaded,Pink,Wedding
"Mini length Crepe Cocktail dress with Ruffles details, One-shoulder neckline and Sleeveless featuring a Sheath silhouette in Pink.",Sheath,Crepe,One-shoulder,Sleeveless,Mini,Ruffles,Pink,Cocktail
"Dusty Blue Tulle Wedding dress featuring a Mermaid silhouette,V-neck neckline,sleeve, and Embroidery work with Tea length.",Mermaid,Tulle,V-neck,Long Sleeves,Tea,Embroidery,Dusty Blue,Wedding
"Velvet Party gown in Dusty BluewithHalter neckline,Three-quarter Sleeves,Feather Trim accents and Tea length Mermaid design.",Mermaid,Velvet,Halter,Three-quarter Sleeves,Tea,Feather Trim,Dusty Blue,Party
"Ball Gown Prom dress crafted from Tulle with V-neck neckline,Sleeveless,Pleatedembellishment and Whitecolor.",Ball Gown,Tulle,V-neck,Sleeveless,Floor,Pleated,White,Prom
"Empire Cocktail dress crafted from Chiffon with One-shoulder neckline,Cap Sleeves,Pleatedembellishment and Sagecolor.",Empire,Chiffon,One-shoulder,Cap Sleeves,Floor,Pleated,Sage,Cocktail
"Tea length Lace Formal dress with Ruffles details, Halter neckline and Sleeveless featuring a Shift silhouette in Blue.",Shift,Lace,Halter,Sleeveless,Tea,Ruffles,Blue,Formal
"Knee length Jersey Prom dress with Ruched details, Square neckline and Cap Sleeves featuring a Ball Gown silhouette in Sage.",Ball Gown,Jersey,Square,Cap Sleeves,Knee,Ruched,Sage,Prom
"Midi length Chiffon Bridesmaid dress with Ruffles details, One-shoulder neckline and Cap Sleeves featuring a Ball Gown silhouette in White.",Ball Gown,Chiffon,One-shoulder,Cap Sleeves,Midi,Ruffles,White,Bridesmaid
"Tea length Organza Wedding dress with Ruched details, Boat neckline and Puff Sleeves featuring a Mermaid silhouette in White.",Mermaid,Organza,Boat,Puff Sleeves,Tea,Ruched,White,Wedding
"Mini length Satin Evening dress with Ruffles details, Illusion neckline and Cap Sleeves featuring a Empire silhouette in Dusty Blue.",Empire,Satin,Illusion,Cap Sleeves,Mini,Ruffles,Dusty Blue,Evening
"Sheath Prom dress crafted from Lace with Halter neckline,Long Sleeves,Rufflesembellishment and Navycolor.",Sheath,Lace,Halter,Long Sleeves,Knee,Ruffles,Navy,Prom
"Midi length Satin Evening dress with Ruched details, Square neckline and Cap Sleeves featuring a Mermaid silhouette in Navy.",Mermaid,Satin,Square,Cap Sleeves,Midi,Ruched,Navy,Evening
"Jersey Wedding gown in EmeraldwithOff-shoulder neckline,Three-quarter Sleeves,Pleated accents and Floor length Empire design.",Empire,Jersey,Off-shoulder,Three-quarter Sleeves,Floor,Pleated,Emerald,Wedding
"Sage Chiffon Evening dress featuring a Fit and Flare silhouette,Halter neckline,sleeve, and Ruched work with Tea length.",Fit and Flare,Chiffon,Halter,Short Sleeves,Tea,Ruched,Sage,Evening
"Lace Prom gown in EmeraldwithOne-shoulder neckline,Short Sleeves,Pleated accents and Tea length Shift design.",Shift,Lace,One-shoulder,Short Sleeves,Tea,Pleated,Emerald,Prom
"Sage Tulle Evening dress featuring a Shift silhouette,One-shoulder neckline,sleeve, and Pleated work with Floor length.",Shift,Tulle,One-shoulder,Three-quarter Sleeves,Floor,Pleated,Sage,Evening
"Shift Wedding dress crafted from Tulle with Sweetheart neckline,Puff Sleeves,Embroideryembellishment and Pinkcolor.",Shift,Tulle,Sweetheart,Puff Sleeves,Knee,Embroidery,Pink,Wedding
"Emerald Crepe Bridesmaid dress featuring a Sheath silhouette,One-shoulder neckline,sleeve, and Ruched work with Mini length.",Sheath,Crepe,One-shoulder,Three-quarter Sleeves,Mini,Ruched,Emerald,Bridesmaid
"Sheath Evening dress crafted from Jersey with Square neckline,Three-quarter Sleeves,Ruchedembellishment and Whitecolor.",Sheath,Jersey,Square,Three-quarter Sleeves,Floor,Ruched,White,Evening
"Organza Party gown in WhitewithStrapless neckline,Sleeveless,Beaded accents and Midi length Shift design.",Shift,Organza,Strapless,Sleeveless,Midi,Beaded,White,Party
"Floor length Lace Wedding dress with Feather Trim details, V-neck neckline and Puff Sleeves featuring a Empire silhouette in Dusty Blue.",Empire,Lace,V-neck,Puff Sleeves,Floor,Feather Trim,Dusty Blue,Wedding
"Ball Gown Prom dress crafted from Jersey with Off-shoulder neckline,Puff Sleeves,Pleatedembellishment and Emeraldcolor.",Ball Gown,Jersey,Off-shoulder,Puff Sleeves,Tea,Pleated,Emerald,Prom
"Floor length Lace Evening dress with Beaded details, Illusion neckline and Sleeveless featuring a Fitted silhouette in Navy.",Fitted,Lace,Illusion,Sleeveless,Floor,Beaded,Navy,Evening
"Ball Gown Cocktail dress crafted from Lace with Illusion neckline,Short Sleeves,No Embellishmentembellishment and Bluecolor.",Ball Gown,Lace,Illusion,Short Sleeves,Midi,No Embellishment,Blue,Cocktail
"Floor length Crepe Prom dress with Feather Trim details, Sweetheart neckline and Cap Sleeves featuring a Empire silhouette in White.",Empire,Crepe,Sweetheart,Cap Sleeves,Floor,Feather Trim,White,Prom
"Chiffon Cocktail gown in BluewithIllusion neckline,Three-quarter Sleeves,Embroidery accents and Mini length Ball Gown design.",Ball Gown,Chiffon,Illusion,Three-quarter Sleeves,Mini,Embroidery,Blue,Cocktail
"Tulle Formal gown in Dusty BluewithStrapless neckline,Cap Sleeves,Pleated accents and Floor length Mermaid design.",Mermaid,Tulle,Strapless,Cap Sleeves,Floor,Pleated,Dusty Blue,Formal
"Mermaid Cocktail dress crafted from Organza with Halter neckline,Sleeveless,Pleatedembellishment and Emeraldcolor.",Mermaid,Organza,Halter,Sleeveless,Tea,Pleated,Emerald,Cocktail
"Chiffon Wedding gown in Royal BluewithOff-shoulder neckline,Long Sleeves,Beaded accents and Midi length Shift design.",Shift,Chiffon,Off-shoulder,Long Sleeves,Midi,Beaded,Royal Blue,Wedding
"Emerald Tulle Cocktail dress featuring a Empire silhouette,Off-shoulder neckline,sleeve, and Ruffles work with Mini length.",Empire,Tulle,Off-shoulder,Cap Sleeves,Mini,Ruffles,Emerald,Cocktail
"Royal Blue Organza Bridesmaid dress featuring a Shift silhouette,Sweetheart neckline,sleeve, and No Embellishment work with Midi length.",Shift,Organza,Sweetheart,Short Sleeves,Midi,No Embellishment,Royal Blue,Bridesmaid
"White Lace Bridesmaid dress featuring a Ball Gown silhouette,Illusion neckline,sleeve, and Ruffles work with Knee length.",Ball Gown,Lace,Illusion,Sleeveless,Knee,Ruffles,White,Bridesmaid
"Mermaid Bridesmaid dress crafted from Organza with Halter neckline,Puff Sleeves,Ruchedembellishment and Dusty Bluecolor.",Mermaid,Organza,Halter,Puff Sleeves,Knee,Ruched,Dusty Blue,Bridesmaid
"Mermaid Party dress crafted from Lace with Boat neckline,Short Sleeves,Embroideryembellishment and Sagecolor.",Mermaid,Lace,Boat,Short Sleeves,Knee,Embroidery,Sage,Party
"A-line Cocktail dress crafted from Tulle with V-neck neckline,Cap Sleeves,Pleatedembellishment and Dusty Bluecolor.",A-line,Tulle,V-neck,Cap Sleeves,Knee,Pleated,Dusty Blue,Cocktail
"Floor length Crepe Wedding dress with No Embellishment details, Halter neckline and Three-quarter Sleeves featuring a Shift silhouette in Red.",Shift,Crepe,Halter,Three-quarter Sleeves,Floor,No Embellishment,Red,Wedding
"Sheath Party dress crafted from Jersey with V-neck neckline,Short Sleeves,Rufflesembellishment and Redcolor.",Sheath,Jersey,V-neck,Short Sleeves,Knee,Ruffles,Red,Party
"Tea length Satin Party dress with Feather Trim details, Sweetheart neckline and Short Sleeves featuring a Fitted silhouette in Pink.",Fitted,Satin,Sweetheart,Short Sleeves,Tea,Feather Trim,Pink,Party
"Black Velvet Evening dress featuring a Fitted silhouette,Halter neckline,sleeve, and Ruffles work with Knee length.",Fitted,Velvet,Halter,Sleeveless,Knee,Ruffles,Black,Evening
"Royal Blue Satin Formal dress featuring a Empire silhouette,Boat neckline,sleeve, and Pleated work with Knee length.",Empire,Satin,Boat,Sleeveless,Knee,Pleated,Royal Blue,Formal
"Royal Blue Lace Prom dress featuring a Shift silhouette,Square neckline,sleeve, and Sequin work with Knee length.",Shift,Lace,Square,Long Sleeves,Knee,Sequin,Royal Blue,Prom
"Tea length Tulle Formal dress with Ruffles details, One-shoulder neckline and Short Sleeves featuring a Mermaid silhouette in Pink.",Mermaid,Tulle,One-shoulder,Short Sleeves,Tea,Ruffles,Pink,Formal
"Blue Organza Bridesmaid dress featuring a Mermaid silhouette,V-neck neckline,sleeve, and Embroidery work with Knee length.",Mermaid,Organza,V-neck,Short Sleeves,Knee,Embroidery,Blue,Bridesmaid
"Sheath Evening dress crafted from Organza with Boat neckline,Long Sleeves,Rufflesembellishment and Dusty Bluecolor.",Sheath,Organza,Boat,Long Sleeves,Tea,Ruffles,Dusty Blue,Evening
"Emerald Satin Evening dress featuring a Ball Gown silhouette,Halter neckline,sleeve, and Feather Trim work with Midi length.",Ball Gown,Satin,Halter,Puff Sleeves,Midi,Feather Trim,Emerald,Evening
"Satin Evening gown in PinkwithBoat neckline,Three-quarter Sleeves,Beaded accents and Midi length A-line design.",A-line,Satin,Boat,Three-quarter Sleeves,Midi,Beaded,Pink,Evening
"Velvet Cocktail gown in SagewithBoat neckline,Short Sleeves,Ruffles accents and Midi length Shift design.",Shift,Velvet,Boat,Short Sleeves,Midi,Ruffles,Sage,Cocktail
"Tulle Wedding gown in BlackwithV-neck neckline,Sleeveless,No Embellishment accents and Mini length Fitted design.",Fitted,Tulle,V-neck,Sleeveless,Mini,No Embellishment,Black,Wedding
"Navy Crepe Bridesmaid dress featuring a Fitted silhouette,V-neck neckline,sleeve, and Embroidery work with Knee length.",Fitted,Crepe,V-neck,Cap Sleeves,Knee,Embroidery,Navy,Bridesmaid
"Black Tulle Evening dress featuring a Ball Gown silhouette,One-shoulder neckline,sleeve, and Embroidery work with Midi length.",Ball Gown,Tulle,One-shoulder,Sleeveless,Midi,Embroidery,Black,Evening
"Mini length Organza Evening dress with Sequin details, Sweetheart neckline and Three-quarter Sleeves featuring a Sheath silhouette in Blue.",Sheath,Organza,Sweetheart,Three-quarter Sleeves,Mini,Sequin,Blue,Evening
"Black Velvet Formal dress featuring a Mermaid silhouette,Strapless neckline,sleeve, and Sequin work with Floor length.",Mermaid,Velvet,Strapless,Three-quarter Sleeves,Floor,Sequin,Black,Formal
"Mini length Organza Wedding dress with Pleated details, Square neckline and Cap Sleeves featuring a Ball Gown silhouette in Dusty Blue.",Ball Gown,Organza,Square,Cap Sleeves,Mini,Pleated,Dusty Blue,Wedding
"Tulle Formal gown in RedwithIllusion neckline,Short Sleeves,Ruched accents and Knee length Ball Gown design.",Ball Gown,Tulle,Illusion,Short Sleeves,Knee,Ruched,Red,Formal
"Ball Gown Evening dress crafted from Chiffon with Square neckline,Cap Sleeves,Pleatedembellishment and Redcolor.",Ball Gown,Chiffon,Square,Cap Sleeves,Midi,Pleated,Red,Evening
"Sage Satin Evening dress featuring a Sheath silhouette,Sweetheart neckline,sleeve, and Ruched work with Mini length.",Sheath,Satin,Sweetheart,Long Sleeves,Mini,Ruched,Sage,Evening
"Pink Velvet Cocktail dress featuring a Mermaid silhouette,One-shoulder neckline,sleeve, and Pleated work with Mini length.",Mermaid,Velvet,One-shoulder,Three-quarter Sleeves,Mini,Pleated,Pink,Cocktail
"Tea length Jersey Prom dress with Pleated details, Off-shoulder neckline and Puff Sleeves featuring a A-line silhouette in Dusty Blue.",A-line,Jersey,Off-shoulder,Puff Sleeves,Tea,Pleated,Dusty Blue,Prom
"Knee length Crepe Wedding dress with No Embellishment details, Halter neckline and Sleeveless featuring a Sheath silhouette in Royal Blue.",Sheath,Crepe,Halter,Sleeveless,Knee,No Embellishment,Royal Blue,Wedding
"Tulle Cocktail gown in SagewithSquare neckline,Cap Sleeves,Ruched accents and Tea length Empire design.",Empire,Tulle,Square,Cap Sleeves,Tea,Ruched,Sage,Cocktail
"Mini length Satin Bridesmaid dress with Sequin details, V-neck neckline and Puff Sleeves featuring a Fitted silhouette in Navy.",Fitted,Satin,V-neck,Puff Sleeves,Mini,Sequin,Navy,Bridesmaid
"A-line Formal dress crafted from Organza with Strapless neckline,Short Sleeves,Ruchedembellishment and Dusty Bluecolor.",A-line,Organza,Strapless,Short Sleeves,Tea,Ruched,Dusty Blue,Formal
"Lace Bridesmaid gown in PinkwithOne-shoulder neckline,Sleeveless,Beaded accents and Midi length Ball Gown design.",Ball Gown,Lace,One-shoulder,Sleeveless,Midi,Beaded,Pink,Bridesmaid
"Floor length Organza Bridesmaid dress with Pleated details, Sweetheart neckline and Short Sleeves featuring a Empire silhouette in Black.",Empire,Organza,Sweetheart,Short Sleeves,Floor,Pleated,Black,Bridesmaid
"Satin Formal gown in NavywithBoat neckline,Puff Sleeves,Sequin accents and Tea length Shift design.",Shift,Satin,Boat,Puff Sleeves,Tea,Sequin,Navy,Formal
"Emerald Chiffon Prom dress featuring a Ball Gown silhouette,Square neckline,sleeve, and Embroidery work with Mini length.",Ball Gown,Chiffon,Square,Three-quarter Sleeves,Mini,Embroidery,Emerald,Prom
"Mermaid Prom dress crafted from Tulle with Square neckline,Three-quarter Sleeves,Beadedembellishment and Blackcolor.",Mermaid,Tulle,Square,Three-quarter Sleeves,Midi,Beaded,Black,Prom
"Emerald Satin Evening dress featuring a Fit and Flare silhouette,One-shoulder neckline,sleeve, and Beaded work with Tea length.",Fit and Flare,Satin,One-shoulder,Three-quarter Sleeves,Tea,Beaded,Emerald,Evening
"Knee length Crepe Cocktail dress with Ruffles details, Square neckline and Short Sleeves featuring a A-line silhouette in White.",A-line,Crepe,Square,Short Sleeves,Knee,Ruffles,White,Cocktail
"Sheath Prom dress crafted from Chiffon with V-neck neckline,Sleeveless,Sequinembellishment and Emeraldcolor.",Sheath,Chiffon,V-neck,Sleeveless,Knee,Sequin,Emerald,Prom
"Mermaid Bridesmaid dress crafted from Lace with V-neck neckline,Puff Sleeves,Pleatedembellishment and Sagecolor.",Mermaid,Lace,V-neck,Puff Sleeves,Floor,Pleated,Sage,Bridesmaid
"Midi length Jersey Formal dress with Beaded details, Sweetheart neckline and Puff Sleeves featuring a Empire silhouette in Pink.",Empire,Jersey,Sweetheart,Puff Sleeves,Midi,Beaded,Pink,Formal
"Emerald Velvet Party dress featuring a Mermaid silhouette,Strapless neckline,sleeve, and Beaded work with Floor length.",Mermaid,Velvet,Strapless,Sleeveless,Floor,Beaded,Emerald,Party
"Sage Tulle Bridesmaid dress featuring a Fit and Flare silhouette,Sweetheart neckline,sleeve, and Sequin work with Floor length.",Fit and Flare,Tulle,Sweetheart,Puff Sleeves,Floor,Sequin,Sage,Bridesmaid
"Velvet Formal gown in BluewithBoat neckline,Short Sleeves,No Embellishment accents and Tea length Fit and Flare design.",Fit and Flare,Velvet,Boat,Short Sleeves,Tea,No Embellishment,Blue,Formal
"Knee length Chiffon Prom dress with Feather Trim details, Halter neckline and Sleeveless featuring a Mermaid silhouette in Black.",Mermaid,Chiffon,Halter,Sleeveless,Knee,Feather Trim,Black,Prom
"Tea length Jersey Evening dress with Pleated details, Sweetheart neckline and Long Sleeves featuring a Shift silhouette in Dusty Blue.",Shift,Jersey,Sweetheart,Long Sleeves,Tea,Pleated,Dusty Blue,Evening
"Knee length Jersey Evening dress with Ruched details, Sweetheart neckline and Sleeveless featuring a Mermaid silhouette in Sage.",Mermaid,Jersey,Sweetheart,Sleeveless,Knee,Ruched,Sage,Evening
"Lace Formal gown in Dusty BluewithHalter neckline,Sleeveless,Sequin accents and Tea length Ball Gown design.",Ball Gown,Lace,Halter,Sleeveless,Tea,Sequin,Dusty Blue,Formal
"Sage Jersey Evening dress featuring a Sheath silhouette,One-shoulder neckline,sleeve, and Feather Trim work with Floor length.",Sheath,Jersey,One-shoulder,Short Sleeves,Floor,Feather Trim,Sage,Evening
"Satin Wedding gown in RedwithOff-shoulder neckline,Long Sleeves,Beaded accents and Tea length Sheath design.",Sheath,Satin,Off-shoulder,Long Sleeves,Tea,Beaded,Red,Wedding
"Blue Crepe Evening dress featuring a Fitted silhouette,Illusion neckline,sleeve, and Feather Trim work with Mini length.",Fitted,Crepe,Illusion,Cap Sleeves,Mini,Feather Trim,Blue,Evening
"Jersey Wedding gown in Royal BluewithSweetheart neckline,Sleeveless,Ruffles accents and Knee length Fitted design.",Fitted,Jersey,Sweetheart,Sleeveless,Knee,Ruffles,Royal Blue,Wedding
"Knee length Lace Cocktail dress with Feather Trim details, Sweetheart neckline and Three-quarter Sleeves featuring a Empire silhouette in Dusty Blue.",Empire,Lace,Sweetheart,Three-quarter Sleeves,Knee,Feather Trim,Dusty Blue,Cocktail
"Jersey Formal gown in PinkwithSquare neckline,Sleeveless,No Embellishment accents and Floor length Fit and Flare design.",Fit and Flare,Jersey,Square,Sleeveless,Floor,No Embellishment,Pink,Formal
"Crepe Party gown in BlackwithSweetheart neckline,Long Sleeves,Sequin accents and Mini length Ball Gown design.",Ball Gown,Crepe,Sweetheart,Long Sleeves,Mini,Sequin,Black,Party
"Mini length Velvet Wedding dress with Ruffles details, Halter neckline and Short Sleeves featuring a Mermaid silhouette in White.",Mermaid,Velvet,Halter,Short Sleeves,Mini,Ruffles,White,Wedding
"Midi length Crepe Evening dress with Beaded details, Square neckline and Sleeveless featuring a Sheath silhouette in Black.",Sheath,Crepe,Square,Sleeveless,Midi,Beaded,Black,Evening
"Dusty Blue Organza Bridesmaid dress featuring a Mermaid silhouette,Halter neckline,sleeve, and Ruched work with Mini length.",Mermaid,Organza,Halter,Cap Sleeves,Mini,Ruched,Dusty Blue,Bridesmaid
"Lace Cocktail gown in BlackwithOne-shoulder neckline,Short Sleeves,Embroidery accents and Floor length Sheath design.",Sheath,Lace,One-shoulder,Short Sleeves,Floor,Embroidery,Black,Cocktail
"Fit and Flare Prom dress crafted from Crepe with Halter neckline,Puff Sleeves,Sequinembellishment and Whitecolor.",Fit and Flare,Crepe,Halter,Puff Sleeves,Floor,Sequin,White,Prom
"Tea length Organza Party dress with Pleated details, Off-shoulder neckline and Three-quarter Sleeves featuring a Mermaid silhouette in Pink.",Mermaid,Organza,Off-shoulder,Three-quarter Sleeves,Tea,Pleated,Pink,Party
"Royal Blue Tulle Cocktail dress featuring a Shift silhouette,Boat neckline,sleeve, and Feather Trim work with Floor length.",Shift,Tulle,Boat,Puff Sleeves,Floor,Feather Trim,Royal Blue,Cocktail
"Black Jersey Party dress featuring a Shift silhouette,Square neckline,sleeve, and Pleated work with Midi length.",Shift,Jersey,Square,Sleeveless,Midi,Pleated,Black,Party
"Crepe Wedding gown in RedwithStrapless neckline,Short Sleeves,Pleated accents and Tea length A-line design.",A-line,Crepe,Strapless,Short Sleeves,Tea,Pleated,Red,Wedding
"Sheath Party dress crafted from Jersey with Strapless neckline,Three-quarter Sleeves,Pleatedembellishment and Royal Bluecolor.",Sheath,Jersey,Strapless,Three-quarter Sleeves,Mini,Pleated,Royal Blue,Party
"Tea length Lace Cocktail dress with Feather Trim details, Square neckline and Long Sleeves featuring a Empire silhouette in Sage.",Empire,Lace,Square,Long Sleeves,Tea,Feather Trim,Sage,Cocktail
"Tea length Lace Evening dress with Ruffles details, Off-shoulder neckline and Cap Sleeves featuring a Empire silhouette in Red.",Empire,Lace,Off-shoulder,Cap Sleeves,Tea,Ruffles,Red,Evening
"Knee length Chiffon Evening dress with Sequin details, Off-shoulder neckline and Puff Sleeves featuring a Ball Gown silhouette in Pink.",Ball Gown,Chiffon,Off-shoulder,Puff Sleeves,Knee,Sequin,Pink,Evening
"Velvet Wedding gown in BlackwithSquare neckline,Short Sleeves,Feather Trim accents and Knee length Empire design.",Empire,Velvet,Square,Short Sleeves,Knee,Feather Trim,Black,Wedding
"Mini length Satin Cocktail dress with Feather Trim details, Strapless neckline and Short Sleeves featuring a Mermaid silhouette in Dusty Blue.",Mermaid,Satin,Strapless,Short Sleeves,Mini,Feather Trim,Dusty Blue,Cocktail
"Emerald Jersey Formal dress featuring a Empire silhouette,Illusion neckline,sleeve, and Ruched work with Knee length.",Empire,Jersey,Illusion,Long Sleeves,Knee,Ruched,Emerald,Formal
"Dusty Blue Tulle Prom dress featuring a Mermaid silhouette,Off-shoulder neckline,sleeve, and Embroidery work with Tea length.",Mermaid,Tulle,Off-shoulder,Three-quarter Sleeves,Tea,Embroidery,Dusty Blue,Prom
"Lace Wedding gown in Royal BluewithV-neck neckline,Three-quarter Sleeves,Ruched accents and Tea length Mermaid design.",Mermaid,Lace,V-neck,Three-quarter Sleeves,Tea,Ruched,Royal Blue,Wedding
"White Velvet Bridesmaid dress featuring a Empire silhouette,Sweetheart neckline,sleeve, and Feather Trim work with Knee length.",Empire,Velvet,Sweetheart,Cap Sleeves,Knee,Feather Trim,White,Bridesmaid
"Lace Prom gown in BlackwithSweetheart neckline,Three-quarter Sleeves,No Embellishment accents and Midi length Empire design.",Empire,Lace,Sweetheart,Three-quarter Sleeves,Midi,No Embellishment,Black,Prom
"Sheath Evening dress crafted from Satin with Illusion neckline,Short Sleeves,Sequinembellishment and Blackcolor.",Sheath,Satin,Illusion,Short Sleeves,Mini,Sequin,Black,Evening
"Floor length Lace Evening dress with Feather Trim details, Halter neckline and Cap Sleeves featuring a Shift silhouette in Pink.",Shift,Lace,Halter,Cap Sleeves,Floor,Feather Trim,Pink,Evening
"Navy Velvet Wedding dress featuring a Fitted silhouette,Square neckline,sleeve, and Sequin work with Mini length.",Fitted,Velvet,Square,Cap Sleeves,Mini,Sequin,Navy,Wedding
"Knee length Satin Formal dress with Ruched details, Sweetheart neckline and Short Sleeves featuring a Fit and Flare silhouette in Red.",Fit and Flare,Satin,Sweetheart,Short Sleeves,Knee,Ruched,Red,Formal
"Ball Gown Cocktail dress crafted from Tulle with Boat neckline,Three-quarter Sleeves,Ruchedembellishment and Redcolor.",Ball Gown,Tulle,Boat,Three-quarter Sleeves,Mini,Ruched,Red,Cocktail
"Dusty Blue Chiffon Formal dress featuring a Mermaid silhouette,Sweetheart neckline,sleeve, and Pleated work with Knee length.",Mermaid,Chiffon,Sweetheart,Short Sleeves,Knee,Pleated,Dusty Blue,Formal
"Fit and Flare Cocktail dress crafted from Jersey with Off-shoulder neckline,Sleeveless,Ruchedembellishment and Royal Bluecolor.",Fit and Flare,Jersey,Off-shoulder,Sleeveless,Mini,Ruched,Royal Blue,Cocktail
"Mermaid Party dress crafted from Chiffon with Illusion neckline,Sleeveless,Beadedembellishment and Navycolor.",Mermaid,Chiffon,Illusion,Sleeveless,Floor,Beaded,Navy,Party
"Knee length Satin Evening dress with Ruffles details, V-neck neckline and Long Sleeves featuring a Sheath silhouette in White.",Sheath,Satin,V-neck,Long Sleeves,Knee,Ruffles,White,Evening
"Organza Evening gown in PinkwithBoat neckline,Cap Sleeves,Beaded accents and Midi length Fit and Flare design.",Fit and Flare,Organza,Boat,Cap Sleeves,Midi,Beaded,Pink,Evening
"Empire Evening dress crafted from Organza with Illusion neckline,Long Sleeves,Sequinembellishment and Navycolor.",Empire,Organza,Illusion,Long Sleeves,Floor,Sequin,Navy,Evening
"White Velvet Wedding dress featuring a Fit and Flare silhouette,One-shoulder neckline,sleeve, and Embroidery work with Mini length.",Fit and Flare,Velvet,One-shoulder,Puff Sleeves,Mini,Embroidery,White,Wedding
"Shift Formal dress crafted from Velvet with Strapless neckline,Sleeveless,Ruchedembellishment and Pinkcolor.",Shift,Velvet,Strapless,Sleeveless,Floor,Ruched,Pink,Formal
"Crepe Cocktail gown in PinkwithOne-shoulder neckline,Sleeveless,Sequin accents and Floor length Sheath design.",Sheath,Crepe,One-shoulder,Sleeveless,Floor,Sequin,Pink,Cocktail
"Ball Gown Wedding dress crafted from Crepe with Square neckline,Long Sleeves,Pleatedembellishment and Redcolor.",Ball Gown,Crepe,Square,Long Sleeves,Knee,Pleated,Red,Wedding
"Knee length Organza Formal dress with Ruffles details, Off-shoulder neckline and Three-quarter Sleeves featuring a Ball Gown silhouette in Sage.",Ball Gown,Organza,Off-shoulder,Three-quarter Sleeves,Knee,Ruffles,Sage,Formal
"Ball Gown Cocktail dress crafted from Organza with Strapless neckline,Cap Sleeves,Feather Trimembellishment and Navycolor.",Ball Gown,Organza,Strapless,Cap Sleeves,Tea,Feather Trim,Navy,Cocktail
"Knee length Organza Cocktail dress with Embroidery details, Sweetheart neckline and Cap Sleeves featuring a A-line silhouette in Royal Blue.",A-line,Organza,Sweetheart,Cap Sleeves,Knee,Embroidery,Royal Blue,Cocktail
"Ball Gown Evening dress crafted from Satin with One-shoulder neckline,Puff Sleeves,Ruchedembellishment and Navycolor.",Ball Gown,Satin,One-shoulder,Puff Sleeves,Midi,Ruched,Navy,Evening
"Fitted Cocktail dress crafted from Chiffon with Square neckline,Short Sleeves,Embroideryembellishment and Royal Bluecolor.",Fitted,Chiffon,Square,Short Sleeves,Floor,Embroidery,Royal Blue,Cocktail
"Emerald Organza Prom dress featuring a A-line silhouette,Illusion neckline,sleeve, and Sequin work with Knee length.",A-line,Organza,Illusion,Three-quarter Sleeves,Knee,Sequin,Emerald,Prom
"Tulle Party gown in WhitewithOne-shoulder neckline,Short Sleeves,No Embellishment accents and Midi length A-line design.",A-line,Tulle,One-shoulder,Short Sleeves,Midi,No Embellishment,White,Party
"Midi length Jersey Formal dress with Ruched details, Boat neckline and Short Sleeves featuring a Mermaid silhouette in Royal Blue.",Mermaid,Jersey,Boat,Short Sleeves,Midi,Ruched,Royal Blue,Formal
"Crepe Cocktail gown in BlackwithOff-shoulder neckline,Cap Sleeves,Feather Trim accents and Floor length Sheath design.",Sheath,Crepe,Off-shoulder,Cap Sleeves,Floor,Feather Trim,Black,Cocktail
"Jersey Bridesmaid gown in RedwithStrapless neckline,Cap Sleeves,Sequin accents and Knee length Ball Gown design.",Ball Gown,Jersey,Strapless,Cap Sleeves,Knee,Sequin,Red,Bridesmaid
"Blue Velvet Prom dress featuring a A-line silhouette,V-neck neckline,sleeve, and Feather Trim work with Mini length.",A-line,Velvet,V-neck,Cap Sleeves,Mini,Feather Trim,Blue,Prom
"Fitted Evening dress crafted from Organza with Sweetheart neckline,Three-quarter Sleeves,Pleatedembellishment and Sagecolor.",Fitted,Organza,Sweetheart,Three-quarter Sleeves,Mini,Pleated,Sage,Evening
"Midi length Crepe Formal dress with Embroidery details, Strapless neckline and Short Sleeves featuring a Mermaid silhouette in Navy.",Mermaid,Crepe,Strapless,Short Sleeves,Midi,Embroidery,Navy,Formal
"Chiffon Formal gown in BluewithHalter neckline,Sleeveless,Pleated accents and Knee length Fit and Flare design.",Fit and Flare,Chiffon,Halter,Sleeveless,Knee,Pleated,Blue,Formal
"Jersey Bridesmaid gown in EmeraldwithHalter neckline,Puff Sleeves,Sequin accents and Mini length Sheath design.",Sheath,Jersey,Halter,Puff Sleeves,Mini,Sequin,Emerald,Bridesmaid
"Dusty Blue Velvet Evening dress featuring a A-line silhouette,One-shoulder neckline,sleeve, and Ruffles work with Midi length.",A-line,Velvet,One-shoulder,Puff Sleeves,Midi,Ruffles,Dusty Blue,Evening
"Midi length Jersey Wedding dress with Ruched details, Off-shoulder neckline and Cap Sleeves featuring a Fitted silhouette in Royal Blue.",Fitted,Jersey,Off-shoulder,Cap Sleeves,Midi,Ruched,Royal Blue,Wedding
"White Jersey Prom dress featuring a Empire silhouette,One-shoulder neckline,sleeve, and No Embellishment work with Mini length.",Empire,Jersey,One-shoulder,Three-quarter Sleeves,Mini,No Embellishment,White,Prom
"Jersey Cocktail gown in RedwithOne-shoulder neckline,Three-quarter Sleeves,Pleated accents and Midi length Empire design.",Empire,Jersey,One-shoulder,Three-quarter Sleeves,Midi,Pleated,Red,Cocktail
"Emerald Organza Prom dress featuring a A-line silhouette,Illusion neckline,sleeve, and Sequin work with Knee length.",A-line,Organza,Illusion,Three-quarter Sleeves,Knee,Sequin,Emerald,Prom
"Organza Formal gown in SagewithHalter neckline,Three-quarter Sleeves,Pleated accents and Mini length Shift design.",Shift,Organza,Halter,Three-quarter Sleeves,Mini,Pleated,Sage,Formal
"Fitted Wedding dress crafted from Tulle with Strapless neckline,Short Sleeves,Embroideryembellishment and Navycolor.",Fitted,Tulle,Strapless,Short Sleeves,Knee,Embroidery,Navy,Wedding
"Jersey Prom gown in BluewithStrapless neckline,Long Sleeves,Beaded accents and Midi length Mermaid design.",Mermaid,Jersey,Strapless,Long Sleeves,Midi,Beaded,Blue,Prom
"Midi length Organza Party dress with Ruffles details, Illusion neckline and Short Sleeves featuring a Fit and Flare silhouette in Emerald.",Fit and Flare,Organza,Illusion,Short Sleeves,Midi,Ruffles,Emerald,Party
"Dusty Blue Chiffon Cocktail dress featuring a Fitted silhouette,Sweetheart neckline,sleeve, and Beaded work with Knee length.",Fitted,Chiffon,Sweetheart,Cap Sleeves,Knee,Beaded,Dusty Blue,Cocktail
"Shift Cocktail dress crafted from Chiffon with Square neckline,Long Sleeves,Feather Trimembellishment and Dusty Bluecolor.",Shift,Chiffon,Square,Long Sleeves,Knee,Feather Trim,Dusty Blue,Cocktail
"Floor length Tulle Prom dress with Feather Trim details, Square neckline and Sleeveless featuring a Mermaid silhouette in Red.",Mermaid,Tulle,Square,Sleeveless,Floor,Feather Trim,Red,Prom
"Knee length Crepe Party dress with Embroidery details, One-shoulder neckline and Long Sleeves featuring a A-line silhouette in Emerald.",A-line,Crepe,One-shoulder,Long Sleeves,Knee,Embroidery,Emerald,Party
"Floor length Organza Wedding dress with No Embellishment details, Halter neckline and Cap Sleeves featuring a Mermaid silhouette in Dusty Blue.",Mermaid,Organza,Halter,Cap Sleeves,Floor,No Embellishment,Dusty Blue,Wedding
"Tea length Tulle Formal dress with Pleated details, V-neck neckline and Short Sleeves featuring a Sheath silhouette in Black.",Sheath,Tulle,V-neck,Short Sleeves,Tea,Pleated,Black,Formal
"Dusty Blue Velvet Cocktail dress featuring a Sheath silhouette,Illusion neckline,sleeve, and Beaded work with Knee length.",Sheath,Velvet,Illusion,Short Sleeves,Knee,Beaded,Dusty Blue,Cocktail
"Pink Satin Cocktail dress featuring a Mermaid silhouette,V-neck neckline,sleeve, and No Embellishment work with Midi length.",Mermaid,Satin,V-neck,Short Sleeves,Midi,No Embellishment,Pink,Cocktail
"Shift Party dress crafted from Lace with Illusion neckline,Cap Sleeves,Pleatedembellishment and Redcolor.",Shift,Lace,Illusion,Cap Sleeves,Midi,Pleated,Red,Party
"Velvet Cocktail gown in BlackwithOff-shoulder neckline,Three-quarter Sleeves,Pleated accents and Knee length A-line design.",A-line,Velvet,Off-shoulder,Three-quarter Sleeves,Knee,Pleated,Black,Cocktail
"Midi length Tulle Wedding dress with Sequin details, V-neck neckline and Cap Sleeves featuring a Ball Gown silhouette in Royal Blue.",Ball Gown,Tulle,V-neck,Cap Sleeves,Midi,Sequin,Royal Blue,Wedding
"White Chiffon Cocktail dress featuring a A-line silhouette,Sweetheart neckline,sleeve, and Ruched work with Floor length.",A-line,Chiffon,Sweetheart,Cap Sleeves,Floor,Ruched,White,Cocktail
"Mini length Lace Formal dress with Ruffles details, Off-shoulder neckline and Three-quarter Sleeves featuring a Fitted silhouette in Dusty Blue.",Fitted,Lace,Off-shoulder,Three-quarter Sleeves,Mini,Ruffles,Dusty Blue,Formal
"Tea length Lace Wedding dress with Beaded details, Halter neckline and Sleeveless featuring a Fit and Flare silhouette in Navy.",Fit and Flare,Lace,Halter,Sleeveless,Tea,Beaded,Navy,Wedding
"Fitted Formal dress crafted from Velvet with Off-shoulder neckline,Short Sleeves,Pleatedembellishment and Sagecolor.",Fitted,Velvet,Off-shoulder,Short Sleeves,Tea,Pleated,Sage,Formal
"Lace Prom gown in EmeraldwithV-neck neckline,Puff Sleeves,Pleated accents and Floor length Fit and Flare design.",Fit and Flare,Lace,V-neck,Puff Sleeves,Floor,Pleated,Emerald,Prom
"Tea length Chiffon Wedding dress with No Embellishment details, Sweetheart neckline and Sleeveless featuring a A-line silhouette in Red.",A-line,Chiffon,Sweetheart,Sleeveless,Tea,No Embellishment,Red,Wedding
"Midi length Jersey Wedding dress with Ruffles details, Off-shoulder neckline and Cap Sleeves featuring a Ball Gown silhouette in Emerald.",Ball Gown,Jersey,Off-shoulder,Cap Sleeves,Midi,Ruffles,Emerald,Wedding
"Midi length Chiffon Wedding dress with Ruched details, One-shoulder neckline and Short Sleeves featuring a Mermaid silhouette in White.",Mermaid,Chiffon,One-shoulder,Short Sleeves,Midi,Ruched,White,Wedding
"Midi length Lace Prom dress with No Embellishment details, Square neckline and Short Sleeves featuring a A-line silhouette in Royal Blue.",A-line,Lace,Square,Short Sleeves,Midi,No Embellishment,Royal Blue,Prom
"Empire Prom dress crafted from Tulle with Square neckline,Sleeveless,Ruchedembellishment and Emeraldcolor.",Empire,Tulle,Square,Sleeveless,Floor,Ruched,Emerald,Prom
"Fitted Wedding dress crafted from Organza with Square neckline,Sleeveless,Sequinembellishment and Redcolor.",Fitted,Organza,Square,Sleeveless,Knee,Sequin,Red,Wedding
"Crepe Wedding gown in Royal BluewithSquare neckline,Puff Sleeves,Feather Trim accents and Floor length Fitted design.",Fitted,Crepe,Square,Puff Sleeves,Floor,Feather Trim,Royal Blue,Wedding
"White Crepe Prom dress featuring a Fitted silhouette,Sweetheart neckline,sleeve, and Sequin work with Floor length.",Fitted,Crepe,Sweetheart,Cap Sleeves,Floor,Sequin,White,Prom
"Velvet Formal gown in Dusty BluewithIllusion neckline,Puff Sleeves,Beaded accents and Tea length A-line design.",A-line,Velvet,Illusion,Puff Sleeves,Tea,Beaded,Dusty Blue,Formal
"Tulle Formal gown in BlackwithHalter neckline,Long Sleeves,Sequin accents and Tea length Fitted design.",Fitted,Tulle,Halter,Long Sleeves,Tea,Sequin,Black,Formal
"Blue Crepe Prom dress featuring a Fitted silhouette,Square neckline,sleeve, and Feather Trim work with Floor length.",Fitted,Crepe,Square,Sleeveless,Floor,Feather Trim,Blue,Prom
"A-line Wedding dress crafted from Velvet with Strapless neckline,Three-quarter Sleeves,Ruchedembellishment and Bluecolor.",A-line,Velvet,Strapless,Three-quarter Sleeves,Floor,Ruched,Blue,Wedding
"Floor length Crepe Evening dress with Feather Trim details, Sweetheart neckline and Cap Sleeves featuring a Fitted silhouette in White.",Fitted,Crepe,Sweetheart,Cap Sleeves,Floor,Feather Trim,White,Evening
"White Organza Party dress featuring a Ball Gown silhouette,Halter neckline,sleeve, and Sequin work with Tea length.",Ball Gown,Organza,Halter,Sleeveless,Tea,Sequin,White,Party
"Sheath Prom dress crafted from Crepe with Illusion neckline,Short Sleeves,Pleatedembellishment and Emeraldcolor.",Sheath,Crepe,Illusion,Short Sleeves,Mini,Pleated,Emerald,Prom
"Sage Crepe Prom dress featuring a Empire silhouette,Sweetheart neckline,sleeve, and Sequin work with Knee length.",Empire,Crepe,Sweetheart,Sleeveless,Knee,Sequin,Sage,Prom
"Dusty Blue Satin Wedding dress featuring a Empire silhouette,V-neck neckline,sleeve, and Embroidery work with Floor length.",Empire,Satin,V-neck,Long Sleeves,Floor,Embroidery,Dusty Blue,Wedding
"Blue Velvet Formal dress featuring a Sheath silhouette,Sweetheart neckline,sleeve, and No Embellishment work with Knee length.",Sheath,Velvet,Sweetheart,Cap Sleeves,Knee,No Embellishment,Blue,Formal
"Organza Evening gown in EmeraldwithV-neck neckline,Three-quarter Sleeves,Beaded accents and Tea length Ball Gown design.",Ball Gown,Organza,V-neck,Three-quarter Sleeves,Tea,Beaded,Emerald,Evening
"Chiffon Evening gown in Royal BluewithStrapless neckline,Three-quarter Sleeves,Ruched accents and Mini length Fitted design.",Fitted,Chiffon,Strapless,Three-quarter Sleeves,Mini,Ruched,Royal Blue,Evening
"Mermaid Evening dress crafted from Lace with Sweetheart neckline,Cap Sleeves,Feather Trimembellishment and Pinkcolor.",Mermaid,Lace,Sweetheart,Cap Sleeves,Tea,Feather Trim,Pink,Evening
"Sheath Bridesmaid dress crafted from Jersey with Halter neckline,Short Sleeves,No Embellishmentembellishment and Redcolor.",Sheath,Jersey,Halter,Short Sleeves,Midi,No Embellishment,Red,Bridesmaid
"Blue Tulle Cocktail dress featuring a Fit and Flare silhouette,Strapless neckline,sleeve, and Pleated work with Knee length.",Fit and Flare,Tulle,Strapless,Three-quarter Sleeves,Knee,Pleated,Blue,Cocktail
"White Lace Party dress featuring a Empire silhouette,Square neckline,sleeve, and Feather Trim work with Tea length.",Empire,Lace,Square,Puff Sleeves,Tea,Feather Trim,White,Party
"Floor length Organza Wedding dress with Sequin details, Strapless neckline and Short Sleeves featuring a Fitted silhouette in Pink.",Fitted,Organza,Strapless,Short Sleeves,Floor,Sequin,Pink,Wedding
"Lace Party gown in NavywithV-neck neckline,Three-quarter Sleeves,Pleated accents and Mini length Shift design.",Shift,Lace,V-neck,Three-quarter Sleeves,Mini,Pleated,Navy,Party
"Pink Jersey Wedding dress featuring a Fit and Flare silhouette,Square neckline,sleeve, and Pleated work with Midi length.",Fit and Flare,Jersey,Square,Sleeveless,Midi,Pleated,Pink,Wedding
"Blue Satin Cocktail dress featuring a Fitted silhouette,Strapless neckline,sleeve, and Ruched work with Tea length.",Fitted,Satin,Strapless,Long Sleeves,Tea,Ruched,Blue,Cocktail
"Black Organza Formal dress featuring a A-line silhouette,Halter neckline,sleeve, and Sequin work with Midi length.",A-line,Organza,Halter,Cap Sleeves,Midi,Sequin,Black,Formal
"Sheath Prom dress crafted from Crepe with Off-shoulder neckline,Three-quarter Sleeves,Pleatedembellishment and Bluecolor.",Sheath,Crepe,Off-shoulder,Three-quarter Sleeves,Midi,Pleated,Blue,Prom
"Mermaid Wedding dress crafted from Satin with Square neckline,Long Sleeves,Beadedembellishment and Dusty Bluecolor.",Mermaid,Satin,Square,Long Sleeves,Tea,Beaded,Dusty Blue,Wedding
"Fit and Flare Prom dress crafted from Jersey with Square neckline,Long Sleeves,Rufflesembellishment and Blackcolor.",Fit and Flare,Jersey,Square,Long Sleeves,Tea,Ruffles,Black,Prom
"Royal Blue Chiffon Party dress featuring a Mermaid silhouette,Square neckline,sleeve, and Sequin work with Tea length.",Mermaid,Chiffon,Square,Short Sleeves,Tea,Sequin,Royal Blue,Party
"Midi length Tulle Cocktail dress with Pleated details, Sweetheart neckline and Three-quarter Sleeves featuring a Fitted silhouette in Red.",Fitted,Tulle,Sweetheart,Three-quarter Sleeves,Midi,Pleated,Red,Cocktail
"Organza Bridesmaid gown in SagewithStrapless neckline,Puff Sleeves,Beaded accents and Floor length Mermaid design.",Mermaid,Organza,Strapless,Puff Sleeves,Floor,Beaded,Sage,Bridesmaid
"Knee length Tulle Party dress with No Embellishment details, Illusion neckline and Short Sleeves featuring a Empire silhouette in Pink.",Empire,Tulle,Illusion,Short Sleeves,Knee,No Embellishment,Pink,Party
"Black Tulle Formal dress featuring a Ball Gown silhouette,Boat neckline,sleeve, and Pleated work with Tea length.",Ball Gown,Tulle,Boat,Long Sleeves,Tea,Pleated,Black,Formal
"Black Satin Cocktail dress featuring a Shift silhouette,Halter neckline,sleeve, and Ruffles work with Tea length.",Shift,Satin,Halter,Short Sleeves,Tea,Ruffles,Black,Cocktail
"Knee length Crepe Wedding dress with Feather Trim details, V-neck neckline and Short Sleeves featuring a Fitted silhouette in Pink.",Fitted,Crepe,V-neck,Short Sleeves,Knee,Feather Trim,Pink,Wedding
"Mermaid Bridesmaid dress crafted from Chiffon with Sweetheart neckline,Long Sleeves,Ruchedembellishment and Whitecolor.",Mermaid,Chiffon,Sweetheart,Long Sleeves,Knee,Ruched,White,Bridesmaid
"Midi length Lace Wedding dress with Sequin details, V-neck neckline and Cap Sleeves featuring a Ball Gown silhouette in White.",Ball Gown,Lace,V-neck,Cap Sleeves,Midi,Sequin,White,Wedding
"Mermaid Evening dress crafted from Jersey with Strapless neckline,Sleeveless,Pleatedembellishment and Navycolor.",Mermaid,Jersey,Strapless,Sleeveless,Tea,Pleated,Navy,Evening
"Mini length Organza Cocktail dress with Ruched details, Halter neckline and Short Sleeves featuring a Fitted silhouette in White.",Fitted,Organza,Halter,Short Sleeves,Mini,Ruched,White,Cocktail
"Navy Chiffon Party dress featuring a Ball Gown silhouette,Sweetheart neckline,sleeve, and Beaded work with Tea length.",Ball Gown,Chiffon,Sweetheart,Short Sleeves,Tea,Beaded,Navy,Party
"Jersey Bridesmaid gown in EmeraldwithBoat neckline,Cap Sleeves,Sequin accents and Floor length Ball Gown design.",Ball Gown,Jersey,Boat,Cap Sleeves,Floor,Sequin,Emerald,Bridesmaid
"Organza Wedding gown in SagewithStrapless neckline,Short Sleeves,Ruffles accents and Knee length Mermaid design.",Mermaid,Organza,Strapless,Short Sleeves,Knee,Ruffles,Sage,Wedding
"Tea length Chiffon Cocktail dress with Ruched details, V-neck neckline and Puff Sleeves featuring a Ball Gown silhouette in Pink.",Ball Gown,Chiffon,V-neck,Puff Sleeves,Tea,Ruched,Pink,Cocktail
"Velvet Bridesmaid gown in RedwithIllusion neckline,Long Sleeves,Embroidery accents and Floor length Fit and Flare design.",Fit and Flare,Velvet,Illusion,Long Sleeves,Floor,Embroidery,Red,Bridesmaid
"Tea length Velvet Evening dress with Sequin details, Sweetheart neckline and Long Sleeves featuring a Fit and Flare silhouette in Pink.",Fit and Flare,Velvet,Sweetheart,Long Sleeves,Tea,Sequin,Pink,Evening
"Satin Prom gown in SagewithOne-shoulder neckline,Sleeveless,No Embellishment accents and Knee length Fit and Flare design.",Fit and Flare,Satin,One-shoulder,Sleeveless,Knee,No Embellishment,Sage,Prom
"Sheath Evening dress crafted from Satin with One-shoulder neckline,Puff Sleeves,Pleatedembellishment and Sagecolor.",Sheath,Satin,One-shoulder,Puff Sleeves,Mini,Pleated,Sage,Evening
"Jersey Evening gown in SagewithSquare neckline,Puff Sleeves,Feather Trim accents and Tea length Empire design.",Empire,Jersey,Square,Puff Sleeves,Tea,Feather Trim,Sage,Evening
"Sage Tulle Bridesmaid dress featuring a A-line silhouette,Off-shoulder neckline,sleeve, and Ruffles work with Floor length.",A-line,Tulle,Off-shoulder,Long Sleeves,Floor,Ruffles,Sage,Bridesmaid
"Crepe Wedding gown in PinkwithBoat neckline,Short Sleeves,No Embellishment accents and Midi length Fitted design.",Fitted,Crepe,Boat,Short Sleeves,Midi,No Embellishment,Pink,Wedding
"Knee length Jersey Formal dress with Ruffles details, Square neckline and Puff Sleeves featuring a Ball Gown silhouette in White.",Ball Gown,Jersey,Square,Puff Sleeves,Knee,Ruffles,White,Formal
"A-line Prom dress crafted from Chiffon with Halter neckline,Puff Sleeves,Sequinembellishment and Pinkcolor.",A-line,Chiffon,Halter,Puff Sleeves,Knee,Sequin,Pink,Prom
"Tea length Tulle Evening dress with Ruffles details, Halter neckline and Long Sleeves featuring a Mermaid silhouette in Red.",Mermaid,Tulle,Halter,Long Sleeves,Tea,Ruffles,Red,Evening
"Shift Bridesmaid dress crafted from Tulle with Strapless neckline,Sleeveless,Embroideryembellishment and Pinkcolor.",Shift,Tulle,Strapless,Sleeveless,Knee,Embroidery,Pink,Bridesmaid
"Mermaid Bridesmaid dress crafted from Lace with Square neckline,Three-quarter Sleeves,Feather Trimembellishment and Blackcolor.",Mermaid,Lace,Square,Three-quarter Sleeves,Floor,Feather Trim,Black,Bridesmaid
